,Overall,G0,G1,G2,S
RF (full),0.9745762711864406,1.0,0.9779179810725552,0.96218487394958,0.958095238095238
RF (top 40),0.9655367231638418,0.9571045576407506,0.9668769716088328,0.9663865546218487,0.9695238095238096
Multinomial Logistic Regression (full),,,,,
Multinomial Logistic Regression (top40),,,,,
XGBoost (full),,,,,
XGBoost (top 40),,,,,
SVM (full),,,,,
SVM (top 40),,,,,
MLP (full),,,,,
MLP (top 40),,,,,
