,Overall,G0,G1,G2,S
RF (full),,,,,
RF (top 40),,,,,
MLR (full),0.9593220338983052,0.9785522788203752,0.9621451104100948,0.9453781512605042,0.9485714285714286
MLR (top 40),0.9621468926553672,0.9812332439678284,0.9574132492113565,0.9453781512605042,0.9619047619047619
XGBoost (full),,,,,
XGBoost (top 40),,,,,
SVM (full),,,,,
SVM (top 40),,,,,
MLP (full),,,,,
MLP (top 40),,,,,
