feature,scores,ci
AreaShape_Area & Intensity_IntegratedIntensity_DNA & Intensity_MedianIntensity_CDK2,0.0006640787026375142,0.0
AreaShape_Area & Intensity_IntegratedIntensity_DNA & Intensity_MedianIntensity_CDK4,0.001064343485065783,0.0
AreaShape_Area & Intensity_IntegratedIntensity_DNA & Intensity_MedianIntensity_CDK6,-0.00025527395975862634,0.0
AreaShape_Area & Intensity_IntegratedIntensity_DNA & Intensity_MedianIntensity_Cdh1,0.0007993964926986611,0.0
AreaShape_Area & Intensity_IntegratedIntensity_DNA & Intensity_MedianIntensity_Cdt1,0.0010034239563354922,0.0
AreaShape_Area & Intensity_IntegratedIntensity_DNA & Intensity_MedianIntensity_E2F1,0.0006209098802716234,0.0
AreaShape_Area & Intensity_IntegratedIntensity_DNA & Intensity_MedianIntensity_ER,-7.366593898978428e-05,0.0
AreaShape_Area & Intensity_IntegratedIntensity_DNA & Intensity_MedianIntensity_Ki67,0.0008162678787123994,0.0
AreaShape_Area & Intensity_IntegratedIntensity_DNA & Intensity_MedianIntensity_PR,0.0006006822808630228,0.0
AreaShape_Area & Intensity_IntegratedIntensity_DNA & Intensity_MedianIntensity_RB,0.0013072265700087603,0.0
AreaShape_Area & Intensity_IntegratedIntensity_DNA & Intensity_MedianIntensity_Skp2,0.0012373715435391207,0.0
AreaShape_Area & Intensity_IntegratedIntensity_DNA & Intensity_MedianIntensity_cycA,0.0013124973601737985,0.0
AreaShape_Area & Intensity_IntegratedIntensity_DNA & Intensity_MedianIntensity_cycB1,0.0011419116098963515,0.0
AreaShape_Area & Intensity_IntegratedIntensity_DNA & Intensity_MedianIntensity_cycD1,-0.00013959022646911512,0.0
AreaShape_Area & Intensity_IntegratedIntensity_DNA & Intensity_MedianIntensity_cycE,-0.00012218702952528624,0.0
AreaShape_Area & Intensity_IntegratedIntensity_DNA & Intensity_MedianIntensity_p21,0.0006775448825416247,0.0
AreaShape_Area & Intensity_IntegratedIntensity_DNA & Intensity_MedianIntensity_pRB,0.0014207146867711226,0.0
AreaShape_Area & Intensity_IntegratedIntensity_DNA & pRB_over_RB,-0.001266924593500024,0.0
AreaShape_Area & Intensity_IntegratedIntensity_DNA & Metadata_well,0.0010087506786719588,0.0
AreaShape_Area & Intensity_MedianIntensity_CDK2 & Intensity_MedianIntensity_CDK4,0.0003878444012867183,0.0
AreaShape_Area & Intensity_MedianIntensity_CDK2 & Intensity_MedianIntensity_CDK6,-0.0005655455368309253,0.0
AreaShape_Area & Intensity_MedianIntensity_CDK2 & Intensity_MedianIntensity_Cdh1,5.77801755211557e-06,0.0
AreaShape_Area & Intensity_MedianIntensity_CDK2 & Intensity_MedianIntensity_Cdt1,-0.0003139085192155599,0.0
AreaShape_Area & Intensity_MedianIntensity_CDK2 & Intensity_MedianIntensity_E2F1,0.00020902086611080265,0.0
AreaShape_Area & Intensity_MedianIntensity_CDK2 & Intensity_MedianIntensity_ER,0.00048796972439123487,0.0
AreaShape_Area & Intensity_MedianIntensity_CDK2 & Intensity_MedianIntensity_Ki67,-0.00104022553417727,0.0
AreaShape_Area & Intensity_MedianIntensity_CDK2 & Intensity_MedianIntensity_PR,0.0004817257517163946,0.0
AreaShape_Area & Intensity_MedianIntensity_CDK2 & Intensity_MedianIntensity_RB,-0.0006381929116807384,0.0
AreaShape_Area & Intensity_MedianIntensity_CDK2 & Intensity_MedianIntensity_Skp2,0.0004302098335991851,0.0
AreaShape_Area & Intensity_MedianIntensity_CDK2 & Intensity_MedianIntensity_cycA,0.0001910316320279956,0.0
AreaShape_Area & Intensity_MedianIntensity_CDK2 & Intensity_MedianIntensity_cycB1,-0.0005293267767836177,0.0
AreaShape_Area & Intensity_MedianIntensity_CDK2 & Intensity_MedianIntensity_cycD1,0.00036211568255029985,0.0
AreaShape_Area & Intensity_MedianIntensity_CDK2 & Intensity_MedianIntensity_cycE,0.0006717613740397322,0.0
AreaShape_Area & Intensity_MedianIntensity_CDK2 & Intensity_MedianIntensity_p21,-0.00011208817888850587,0.0
AreaShape_Area & Intensity_MedianIntensity_CDK2 & Intensity_MedianIntensity_pRB,0.00010348112160613482,0.0
AreaShape_Area & Intensity_MedianIntensity_CDK2 & pRB_over_RB,-0.00021975717873461706,0.0
AreaShape_Area & Intensity_MedianIntensity_CDK2 & Metadata_well,4.493024023826405e-05,0.0
AreaShape_Area & Intensity_MedianIntensity_CDK4 & Intensity_MedianIntensity_CDK6,-0.0002448322250753193,0.0
AreaShape_Area & Intensity_MedianIntensity_CDK4 & Intensity_MedianIntensity_Cdh1,-0.0006985755425127608,0.0
AreaShape_Area & Intensity_MedianIntensity_CDK4 & Intensity_MedianIntensity_Cdt1,0.00043665878293384116,0.0
AreaShape_Area & Intensity_MedianIntensity_CDK4 & Intensity_MedianIntensity_E2F1,-0.00035257061565668803,0.0
AreaShape_Area & Intensity_MedianIntensity_CDK4 & Intensity_MedianIntensity_ER,0.00018154851199220633,0.0
AreaShape_Area & Intensity_MedianIntensity_CDK4 & Intensity_MedianIntensity_Ki67,0.00021711322288451575,0.0
AreaShape_Area & Intensity_MedianIntensity_CDK4 & Intensity_MedianIntensity_PR,-0.00027821833298414156,0.0
AreaShape_Area & Intensity_MedianIntensity_CDK4 & Intensity_MedianIntensity_RB,0.00038213278941377174,0.0
AreaShape_Area & Intensity_MedianIntensity_CDK4 & Intensity_MedianIntensity_Skp2,0.000684771103098029,0.0
AreaShape_Area & Intensity_MedianIntensity_CDK4 & Intensity_MedianIntensity_cycA,0.00040349329839643744,0.0
AreaShape_Area & Intensity_MedianIntensity_CDK4 & Intensity_MedianIntensity_cycB1,4.4756933924911625e-05,0.0
AreaShape_Area & Intensity_MedianIntensity_CDK4 & Intensity_MedianIntensity_cycD1,-0.0004283191871236441,0.0
AreaShape_Area & Intensity_MedianIntensity_CDK4 & Intensity_MedianIntensity_cycE,3.221489894289816e-05,0.0
AreaShape_Area & Intensity_MedianIntensity_CDK4 & Intensity_MedianIntensity_p21,-0.00029972927096828724,0.0
AreaShape_Area & Intensity_MedianIntensity_CDK4 & Intensity_MedianIntensity_pRB,-0.0002180801198772799,0.0
AreaShape_Area & Intensity_MedianIntensity_CDK4 & pRB_over_RB,0.0001858113904778981,0.0
AreaShape_Area & Intensity_MedianIntensity_CDK4 & Metadata_well,-0.0009672130882515867,0.0
AreaShape_Area & Intensity_MedianIntensity_CDK6 & Intensity_MedianIntensity_Cdh1,-0.00012658710168955982,0.0
AreaShape_Area & Intensity_MedianIntensity_CDK6 & Intensity_MedianIntensity_Cdt1,-0.0004152763270813163,0.0
AreaShape_Area & Intensity_MedianIntensity_CDK6 & Intensity_MedianIntensity_E2F1,0.0005444850243412286,0.0
AreaShape_Area & Intensity_MedianIntensity_CDK6 & Intensity_MedianIntensity_ER,0.00020961339601330487,0.0
AreaShape_Area & Intensity_MedianIntensity_CDK6 & Intensity_MedianIntensity_Ki67,0.00019128492528955256,0.0
AreaShape_Area & Intensity_MedianIntensity_CDK6 & Intensity_MedianIntensity_PR,0.0008949488372830304,0.0
AreaShape_Area & Intensity_MedianIntensity_CDK6 & Intensity_MedianIntensity_RB,-0.0004021133687971445,0.0
AreaShape_Area & Intensity_MedianIntensity_CDK6 & Intensity_MedianIntensity_Skp2,-0.0002909116499872574,0.0
AreaShape_Area & Intensity_MedianIntensity_CDK6 & Intensity_MedianIntensity_cycA,0.0002970991670609543,0.0
AreaShape_Area & Intensity_MedianIntensity_CDK6 & Intensity_MedianIntensity_cycB1,-0.00012585363933252617,0.0
AreaShape_Area & Intensity_MedianIntensity_CDK6 & Intensity_MedianIntensity_cycD1,0.0005775012400176923,0.0
AreaShape_Area & Intensity_MedianIntensity_CDK6 & Intensity_MedianIntensity_cycE,0.00024697880565057416,0.0
AreaShape_Area & Intensity_MedianIntensity_CDK6 & Intensity_MedianIntensity_p21,0.000705742473955778,0.0
AreaShape_Area & Intensity_MedianIntensity_CDK6 & Intensity_MedianIntensity_pRB,-0.0005083891799362965,0.0
AreaShape_Area & Intensity_MedianIntensity_CDK6 & pRB_over_RB,-0.0010958322711382747,0.0
AreaShape_Area & Intensity_MedianIntensity_CDK6 & Metadata_well,3.812050306919551e-05,0.0
AreaShape_Area & Intensity_MedianIntensity_Cdh1 & Intensity_MedianIntensity_Cdt1,0.000624073388900786,0.0
AreaShape_Area & Intensity_MedianIntensity_Cdh1 & Intensity_MedianIntensity_E2F1,-0.00010095512762054494,0.0
AreaShape_Area & Intensity_MedianIntensity_Cdh1 & Intensity_MedianIntensity_ER,0.0005248729597846869,0.0
AreaShape_Area & Intensity_MedianIntensity_Cdh1 & Intensity_MedianIntensity_Ki67,-0.00038158069847854195,0.0
AreaShape_Area & Intensity_MedianIntensity_Cdh1 & Intensity_MedianIntensity_PR,0.00019750797444299434,0.0
AreaShape_Area & Intensity_MedianIntensity_Cdh1 & Intensity_MedianIntensity_RB,0.0001608763266084804,0.0
AreaShape_Area & Intensity_MedianIntensity_Cdh1 & Intensity_MedianIntensity_Skp2,-0.0001862792916812019,0.0
AreaShape_Area & Intensity_MedianIntensity_Cdh1 & Intensity_MedianIntensity_cycA,0.00047957519324574833,0.0
AreaShape_Area & Intensity_MedianIntensity_Cdh1 & Intensity_MedianIntensity_cycB1,-0.0005295643231235749,0.0
AreaShape_Area & Intensity_MedianIntensity_Cdh1 & Intensity_MedianIntensity_cycD1,0.0006679831578615558,0.0
AreaShape_Area & Intensity_MedianIntensity_Cdh1 & Intensity_MedianIntensity_cycE,-8.106625927270386e-05,0.0
AreaShape_Area & Intensity_MedianIntensity_Cdh1 & Intensity_MedianIntensity_p21,-4.07058069103897e-05,0.0
AreaShape_Area & Intensity_MedianIntensity_Cdh1 & Intensity_MedianIntensity_pRB,0.00020666002890923167,0.0
AreaShape_Area & Intensity_MedianIntensity_Cdh1 & pRB_over_RB,0.0008385484359329595,0.0
AreaShape_Area & Intensity_MedianIntensity_Cdh1 & Metadata_well,-0.0003959120138745075,0.0
AreaShape_Area & Intensity_MedianIntensity_Cdt1 & Intensity_MedianIntensity_E2F1,7.548811479089918e-05,0.0
AreaShape_Area & Intensity_MedianIntensity_Cdt1 & Intensity_MedianIntensity_ER,-8.837997092840837e-05,0.0
AreaShape_Area & Intensity_MedianIntensity_Cdt1 & Intensity_MedianIntensity_Ki67,0.00035596972022617604,0.0
AreaShape_Area & Intensity_MedianIntensity_Cdt1 & Intensity_MedianIntensity_PR,-0.0004899427833351331,0.0
AreaShape_Area & Intensity_MedianIntensity_Cdt1 & Intensity_MedianIntensity_RB,4.191815767504877e-05,0.0
AreaShape_Area & Intensity_MedianIntensity_Cdt1 & Intensity_MedianIntensity_Skp2,-8.184898736747537e-05,0.0
AreaShape_Area & Intensity_MedianIntensity_Cdt1 & Intensity_MedianIntensity_cycA,0.00023479150446115778,0.0
AreaShape_Area & Intensity_MedianIntensity_Cdt1 & Intensity_MedianIntensity_cycB1,-0.00022128270303138352,0.0
AreaShape_Area & Intensity_MedianIntensity_Cdt1 & Intensity_MedianIntensity_cycD1,-0.0002647161060753932,0.0
AreaShape_Area & Intensity_MedianIntensity_Cdt1 & Intensity_MedianIntensity_cycE,-0.0006119690588315089,0.0
AreaShape_Area & Intensity_MedianIntensity_Cdt1 & Intensity_MedianIntensity_p21,0.00016505078740712282,0.0
AreaShape_Area & Intensity_MedianIntensity_Cdt1 & Intensity_MedianIntensity_pRB,0.0002271815271748496,0.0
AreaShape_Area & Intensity_MedianIntensity_Cdt1 & pRB_over_RB,-0.00013608255640994873,0.0
AreaShape_Area & Intensity_MedianIntensity_Cdt1 & Metadata_well,1.1317392743184744e-05,0.0
AreaShape_Area & Intensity_MedianIntensity_E2F1 & Intensity_MedianIntensity_ER,-0.00016673834771983767,0.0
AreaShape_Area & Intensity_MedianIntensity_E2F1 & Intensity_MedianIntensity_Ki67,0.0005654290561318817,0.0
AreaShape_Area & Intensity_MedianIntensity_E2F1 & Intensity_MedianIntensity_PR,0.00034334482974916926,0.0
AreaShape_Area & Intensity_MedianIntensity_E2F1 & Intensity_MedianIntensity_RB,0.0004629675296594283,0.0
AreaShape_Area & Intensity_MedianIntensity_E2F1 & Intensity_MedianIntensity_Skp2,-0.0006665926153919328,0.0
AreaShape_Area & Intensity_MedianIntensity_E2F1 & Intensity_MedianIntensity_cycA,-0.00029379881797195943,0.0
AreaShape_Area & Intensity_MedianIntensity_E2F1 & Intensity_MedianIntensity_cycB1,0.00018471687651554778,0.0
AreaShape_Area & Intensity_MedianIntensity_E2F1 & Intensity_MedianIntensity_cycD1,-0.000217801400054515,0.0
AreaShape_Area & Intensity_MedianIntensity_E2F1 & Intensity_MedianIntensity_cycE,0.0007394061178146591,0.0
AreaShape_Area & Intensity_MedianIntensity_E2F1 & Intensity_MedianIntensity_p21,0.000567895135120801,0.0
AreaShape_Area & Intensity_MedianIntensity_E2F1 & Intensity_MedianIntensity_pRB,-0.0013340672486426067,0.0
AreaShape_Area & Intensity_MedianIntensity_E2F1 & pRB_over_RB,-0.0010149599429255327,0.0
AreaShape_Area & Intensity_MedianIntensity_E2F1 & Metadata_well,0.0001423796061132494,0.0
AreaShape_Area & Intensity_MedianIntensity_ER & Intensity_MedianIntensity_Ki67,-0.0002804701443828126,0.0
AreaShape_Area & Intensity_MedianIntensity_ER & Intensity_MedianIntensity_PR,0.00020173629307870838,0.0
AreaShape_Area & Intensity_MedianIntensity_ER & Intensity_MedianIntensity_RB,-0.00037655744850767823,0.0
AreaShape_Area & Intensity_MedianIntensity_ER & Intensity_MedianIntensity_Skp2,-0.0004400324424594753,0.0
AreaShape_Area & Intensity_MedianIntensity_ER & Intensity_MedianIntensity_cycA,-0.0005327980133841521,0.0
AreaShape_Area & Intensity_MedianIntensity_ER & Intensity_MedianIntensity_cycB1,0.0003797877134058266,0.0
AreaShape_Area & Intensity_MedianIntensity_ER & Intensity_MedianIntensity_cycD1,0.0005948028388676145,0.0
AreaShape_Area & Intensity_MedianIntensity_ER & Intensity_MedianIntensity_cycE,0.0004332364674119038,0.0
AreaShape_Area & Intensity_MedianIntensity_ER & Intensity_MedianIntensity_p21,-0.0005233492967084756,0.0
AreaShape_Area & Intensity_MedianIntensity_ER & Intensity_MedianIntensity_pRB,-0.00012996662718359867,0.0
AreaShape_Area & Intensity_MedianIntensity_ER & pRB_over_RB,0.00035421673044973143,0.0
AreaShape_Area & Intensity_MedianIntensity_ER & Metadata_well,0.0007753637774916412,0.0
AreaShape_Area & Intensity_MedianIntensity_Ki67 & Intensity_MedianIntensity_PR,-5.692237347647216e-05,0.0
AreaShape_Area & Intensity_MedianIntensity_Ki67 & Intensity_MedianIntensity_RB,-0.0002663606872462679,0.0
AreaShape_Area & Intensity_MedianIntensity_Ki67 & Intensity_MedianIntensity_Skp2,1.867643767482141e-05,0.0
AreaShape_Area & Intensity_MedianIntensity_Ki67 & Intensity_MedianIntensity_cycA,6.794537460278046e-05,0.0
AreaShape_Area & Intensity_MedianIntensity_Ki67 & Intensity_MedianIntensity_cycB1,0.00046186268495465073,0.0
AreaShape_Area & Intensity_MedianIntensity_Ki67 & Intensity_MedianIntensity_cycD1,-0.0010282209562639045,0.0
AreaShape_Area & Intensity_MedianIntensity_Ki67 & Intensity_MedianIntensity_cycE,-7.80978139901028e-05,0.0
AreaShape_Area & Intensity_MedianIntensity_Ki67 & Intensity_MedianIntensity_p21,0.0005212792599509792,0.0
AreaShape_Area & Intensity_MedianIntensity_Ki67 & Intensity_MedianIntensity_pRB,0.0006163674146795566,0.0
AreaShape_Area & Intensity_MedianIntensity_Ki67 & pRB_over_RB,0.0011992993908093049,0.0
AreaShape_Area & Intensity_MedianIntensity_Ki67 & Metadata_well,0.00021285901817343533,0.0
AreaShape_Area & Intensity_MedianIntensity_PR & Intensity_MedianIntensity_RB,-0.00041037626102742727,0.0
AreaShape_Area & Intensity_MedianIntensity_PR & Intensity_MedianIntensity_Skp2,-0.0003384007803603323,0.0
AreaShape_Area & Intensity_MedianIntensity_PR & Intensity_MedianIntensity_cycA,0.0006852802871904208,0.0
AreaShape_Area & Intensity_MedianIntensity_PR & Intensity_MedianIntensity_cycB1,-0.0004554292529445882,0.0
AreaShape_Area & Intensity_MedianIntensity_PR & Intensity_MedianIntensity_cycD1,0.00027755092639958904,0.0
AreaShape_Area & Intensity_MedianIntensity_PR & Intensity_MedianIntensity_cycE,-6.240506643722924e-05,0.0
AreaShape_Area & Intensity_MedianIntensity_PR & Intensity_MedianIntensity_p21,-7.047284341179175e-05,0.0
AreaShape_Area & Intensity_MedianIntensity_PR & Intensity_MedianIntensity_pRB,0.00016929008836517374,0.0
AreaShape_Area & Intensity_MedianIntensity_PR & pRB_over_RB,-0.001268632425348742,0.0
AreaShape_Area & Intensity_MedianIntensity_PR & Metadata_well,-2.3677540101676535e-06,0.0
AreaShape_Area & Intensity_MedianIntensity_RB & Intensity_MedianIntensity_Skp2,-0.0003148058006018514,0.0
AreaShape_Area & Intensity_MedianIntensity_RB & Intensity_MedianIntensity_cycA,-0.0008594610557021527,0.0
AreaShape_Area & Intensity_MedianIntensity_RB & Intensity_MedianIntensity_cycB1,-0.00013724770690582428,0.0
AreaShape_Area & Intensity_MedianIntensity_RB & Intensity_MedianIntensity_cycD1,0.0010658929125555796,0.0
AreaShape_Area & Intensity_MedianIntensity_RB & Intensity_MedianIntensity_cycE,0.00017775513437026286,0.0
AreaShape_Area & Intensity_MedianIntensity_RB & Intensity_MedianIntensity_p21,-0.00016254617436298768,0.0
AreaShape_Area & Intensity_MedianIntensity_RB & Intensity_MedianIntensity_pRB,-0.0005319046792267105,0.0
AreaShape_Area & Intensity_MedianIntensity_RB & pRB_over_RB,0.0017903593017020297,0.0
AreaShape_Area & Intensity_MedianIntensity_RB & Metadata_well,7.410094747188243e-05,0.0
AreaShape_Area & Intensity_MedianIntensity_Skp2 & Intensity_MedianIntensity_cycA,0.0002058617890368181,0.0
AreaShape_Area & Intensity_MedianIntensity_Skp2 & Intensity_MedianIntensity_cycB1,0.000368549493294162,0.0
AreaShape_Area & Intensity_MedianIntensity_Skp2 & Intensity_MedianIntensity_cycD1,-0.0005039967501838745,0.0
AreaShape_Area & Intensity_MedianIntensity_Skp2 & Intensity_MedianIntensity_cycE,0.0008482446364857691,0.0
AreaShape_Area & Intensity_MedianIntensity_Skp2 & Intensity_MedianIntensity_p21,0.0008729661655840853,0.0
AreaShape_Area & Intensity_MedianIntensity_Skp2 & Intensity_MedianIntensity_pRB,-0.0004440590163337636,0.0
AreaShape_Area & Intensity_MedianIntensity_Skp2 & pRB_over_RB,0.00048594402035826806,0.0
AreaShape_Area & Intensity_MedianIntensity_Skp2 & Metadata_well,-0.00036293353616926585,0.0
AreaShape_Area & Intensity_MedianIntensity_cycA & Intensity_MedianIntensity_cycB1,0.0005087138286794976,0.0
AreaShape_Area & Intensity_MedianIntensity_cycA & Intensity_MedianIntensity_cycD1,-0.000990370291873115,0.0
AreaShape_Area & Intensity_MedianIntensity_cycA & Intensity_MedianIntensity_cycE,-0.00044134749350009694,0.0
AreaShape_Area & Intensity_MedianIntensity_cycA & Intensity_MedianIntensity_p21,0.0001902058793275114,0.0
AreaShape_Area & Intensity_MedianIntensity_cycA & Intensity_MedianIntensity_pRB,-0.0002550851178350084,0.0
AreaShape_Area & Intensity_MedianIntensity_cycA & pRB_over_RB,0.00029808514642380994,0.0
AreaShape_Area & Intensity_MedianIntensity_cycA & Metadata_well,-0.0002744429231467106,0.0
AreaShape_Area & Intensity_MedianIntensity_cycB1 & Intensity_MedianIntensity_cycD1,0.0003682843587228627,0.0
AreaShape_Area & Intensity_MedianIntensity_cycB1 & Intensity_MedianIntensity_cycE,0.00024502572607755106,0.0
AreaShape_Area & Intensity_MedianIntensity_cycB1 & Intensity_MedianIntensity_p21,-0.000648954591305096,0.0
AreaShape_Area & Intensity_MedianIntensity_cycB1 & Intensity_MedianIntensity_pRB,-4.864516232382341e-05,0.0
AreaShape_Area & Intensity_MedianIntensity_cycB1 & pRB_over_RB,0.001080811390050085,0.0
AreaShape_Area & Intensity_MedianIntensity_cycB1 & Metadata_well,0.00018405295736157205,0.0
AreaShape_Area & Intensity_MedianIntensity_cycD1 & Intensity_MedianIntensity_cycE,-3.2661851410024024e-05,0.0
AreaShape_Area & Intensity_MedianIntensity_cycD1 & Intensity_MedianIntensity_p21,0.0004846184841068526,0.0
AreaShape_Area & Intensity_MedianIntensity_cycD1 & Intensity_MedianIntensity_pRB,0.0006542000174916595,0.0
AreaShape_Area & Intensity_MedianIntensity_cycD1 & pRB_over_RB,-0.00042049985987269867,0.0
AreaShape_Area & Intensity_MedianIntensity_cycD1 & Metadata_well,0.0008019595839711495,0.0
AreaShape_Area & Intensity_MedianIntensity_cycE & Intensity_MedianIntensity_p21,-4.5722060965828916e-05,0.0
AreaShape_Area & Intensity_MedianIntensity_cycE & Intensity_MedianIntensity_pRB,-3.8928624194873364e-05,0.0
AreaShape_Area & Intensity_MedianIntensity_cycE & pRB_over_RB,0.00024369773674999036,0.0
AreaShape_Area & Intensity_MedianIntensity_cycE & Metadata_well,-0.00017571974067219812,0.0
AreaShape_Area & Intensity_MedianIntensity_p21 & Intensity_MedianIntensity_pRB,-0.0006274231464114295,0.0
AreaShape_Area & Intensity_MedianIntensity_p21 & pRB_over_RB,-0.0009956729129968703,0.0
AreaShape_Area & Intensity_MedianIntensity_p21 & Metadata_well,-0.0003056313011781281,0.0
AreaShape_Area & Intensity_MedianIntensity_pRB & pRB_over_RB,0.0015393758445606997,0.0
AreaShape_Area & Intensity_MedianIntensity_pRB & Metadata_well,0.0004576717251065425,0.0
AreaShape_Area & pRB_over_RB & Metadata_well,-5.393806884270516e-05,0.0
Intensity_IntegratedIntensity_DNA & Intensity_MedianIntensity_CDK2 & Intensity_MedianIntensity_CDK4,2.7229743300025154e-05,0.0
Intensity_IntegratedIntensity_DNA & Intensity_MedianIntensity_CDK2 & Intensity_MedianIntensity_CDK6,0.00018901266810686295,0.0
Intensity_IntegratedIntensity_DNA & Intensity_MedianIntensity_CDK2 & Intensity_MedianIntensity_Cdh1,-0.00018808222435616345,0.0
Intensity_IntegratedIntensity_DNA & Intensity_MedianIntensity_CDK2 & Intensity_MedianIntensity_Cdt1,-0.00026587986640082544,0.0
Intensity_IntegratedIntensity_DNA & Intensity_MedianIntensity_CDK2 & Intensity_MedianIntensity_E2F1,0.0002750546903311776,0.0
Intensity_IntegratedIntensity_DNA & Intensity_MedianIntensity_CDK2 & Intensity_MedianIntensity_ER,0.0002971953270244329,0.0
Intensity_IntegratedIntensity_DNA & Intensity_MedianIntensity_CDK2 & Intensity_MedianIntensity_Ki67,0.0006382589312351335,0.0
Intensity_IntegratedIntensity_DNA & Intensity_MedianIntensity_CDK2 & Intensity_MedianIntensity_PR,-0.00016721609608457542,0.0
Intensity_IntegratedIntensity_DNA & Intensity_MedianIntensity_CDK2 & Intensity_MedianIntensity_RB,2.3597069970679974e-05,0.0
Intensity_IntegratedIntensity_DNA & Intensity_MedianIntensity_CDK2 & Intensity_MedianIntensity_Skp2,-0.0006178061908841943,0.0
Intensity_IntegratedIntensity_DNA & Intensity_MedianIntensity_CDK2 & Intensity_MedianIntensity_cycA,0.0005385543301068954,0.0
Intensity_IntegratedIntensity_DNA & Intensity_MedianIntensity_CDK2 & Intensity_MedianIntensity_cycB1,-0.0003608715101639952,0.0
Intensity_IntegratedIntensity_DNA & Intensity_MedianIntensity_CDK2 & Intensity_MedianIntensity_cycD1,0.00015251677861899453,0.0
Intensity_IntegratedIntensity_DNA & Intensity_MedianIntensity_CDK2 & Intensity_MedianIntensity_cycE,0.0004395522603307273,0.0
Intensity_IntegratedIntensity_DNA & Intensity_MedianIntensity_CDK2 & Intensity_MedianIntensity_p21,0.0003340375254907053,0.0
Intensity_IntegratedIntensity_DNA & Intensity_MedianIntensity_CDK2 & Intensity_MedianIntensity_pRB,-0.0006426170540757013,0.0
Intensity_IntegratedIntensity_DNA & Intensity_MedianIntensity_CDK2 & pRB_over_RB,0.0008519518445630381,0.0
Intensity_IntegratedIntensity_DNA & Intensity_MedianIntensity_CDK2 & Metadata_well,0.000415812342844427,0.0
Intensity_IntegratedIntensity_DNA & Intensity_MedianIntensity_CDK4 & Intensity_MedianIntensity_CDK6,0.0003450207567692178,0.0
Intensity_IntegratedIntensity_DNA & Intensity_MedianIntensity_CDK4 & Intensity_MedianIntensity_Cdh1,-9.297838391652745e-05,0.0
Intensity_IntegratedIntensity_DNA & Intensity_MedianIntensity_CDK4 & Intensity_MedianIntensity_Cdt1,-0.0001199071466123901,0.0
Intensity_IntegratedIntensity_DNA & Intensity_MedianIntensity_CDK4 & Intensity_MedianIntensity_E2F1,0.0006114343478783391,0.0
Intensity_IntegratedIntensity_DNA & Intensity_MedianIntensity_CDK4 & Intensity_MedianIntensity_ER,-4.331137080848301e-05,0.0
Intensity_IntegratedIntensity_DNA & Intensity_MedianIntensity_CDK4 & Intensity_MedianIntensity_Ki67,4.618412292522001e-05,0.0
Intensity_IntegratedIntensity_DNA & Intensity_MedianIntensity_CDK4 & Intensity_MedianIntensity_PR,0.0002169206272582414,0.0
Intensity_IntegratedIntensity_DNA & Intensity_MedianIntensity_CDK4 & Intensity_MedianIntensity_RB,-0.00010450507928961055,0.0
Intensity_IntegratedIntensity_DNA & Intensity_MedianIntensity_CDK4 & Intensity_MedianIntensity_Skp2,0.0002162309355583842,0.0
Intensity_IntegratedIntensity_DNA & Intensity_MedianIntensity_CDK4 & Intensity_MedianIntensity_cycA,-0.00016919647486703823,0.0
Intensity_IntegratedIntensity_DNA & Intensity_MedianIntensity_CDK4 & Intensity_MedianIntensity_cycB1,0.00023651228325295001,0.0
Intensity_IntegratedIntensity_DNA & Intensity_MedianIntensity_CDK4 & Intensity_MedianIntensity_cycD1,5.8117415600554965e-06,0.0
Intensity_IntegratedIntensity_DNA & Intensity_MedianIntensity_CDK4 & Intensity_MedianIntensity_cycE,5.8715068685358036e-05,0.0
Intensity_IntegratedIntensity_DNA & Intensity_MedianIntensity_CDK4 & Intensity_MedianIntensity_p21,7.015357708373581e-05,0.0
Intensity_IntegratedIntensity_DNA & Intensity_MedianIntensity_CDK4 & Intensity_MedianIntensity_pRB,0.0016228225113042315,0.0
Intensity_IntegratedIntensity_DNA & Intensity_MedianIntensity_CDK4 & pRB_over_RB,-0.0005908149090113448,0.0
Intensity_IntegratedIntensity_DNA & Intensity_MedianIntensity_CDK4 & Metadata_well,-0.00024360411166677256,0.0
Intensity_IntegratedIntensity_DNA & Intensity_MedianIntensity_CDK6 & Intensity_MedianIntensity_Cdh1,-0.0003855670146605736,0.0
Intensity_IntegratedIntensity_DNA & Intensity_MedianIntensity_CDK6 & Intensity_MedianIntensity_Cdt1,0.00017394421284871686,0.0
Intensity_IntegratedIntensity_DNA & Intensity_MedianIntensity_CDK6 & Intensity_MedianIntensity_E2F1,-0.0001584686048102564,0.0
Intensity_IntegratedIntensity_DNA & Intensity_MedianIntensity_CDK6 & Intensity_MedianIntensity_ER,0.0005977268440399644,0.0
Intensity_IntegratedIntensity_DNA & Intensity_MedianIntensity_CDK6 & Intensity_MedianIntensity_Ki67,-0.0001707338032929132,0.0
Intensity_IntegratedIntensity_DNA & Intensity_MedianIntensity_CDK6 & Intensity_MedianIntensity_PR,-0.00025892057361299293,0.0
Intensity_IntegratedIntensity_DNA & Intensity_MedianIntensity_CDK6 & Intensity_MedianIntensity_RB,-0.0007543695038208152,0.0
Intensity_IntegratedIntensity_DNA & Intensity_MedianIntensity_CDK6 & Intensity_MedianIntensity_Skp2,0.00020587005136811043,0.0
Intensity_IntegratedIntensity_DNA & Intensity_MedianIntensity_CDK6 & Intensity_MedianIntensity_cycA,-0.00017403737594729355,0.0
Intensity_IntegratedIntensity_DNA & Intensity_MedianIntensity_CDK6 & Intensity_MedianIntensity_cycB1,0.00032923476167787347,0.0
Intensity_IntegratedIntensity_DNA & Intensity_MedianIntensity_CDK6 & Intensity_MedianIntensity_cycD1,0.0009268301795326897,0.0
Intensity_IntegratedIntensity_DNA & Intensity_MedianIntensity_CDK6 & Intensity_MedianIntensity_cycE,0.00037967514002638496,0.0
Intensity_IntegratedIntensity_DNA & Intensity_MedianIntensity_CDK6 & Intensity_MedianIntensity_p21,0.0009856896118142864,0.0
Intensity_IntegratedIntensity_DNA & Intensity_MedianIntensity_CDK6 & Intensity_MedianIntensity_pRB,-0.0008645766836325154,0.0
Intensity_IntegratedIntensity_DNA & Intensity_MedianIntensity_CDK6 & pRB_over_RB,0.000619568913091071,0.0
Intensity_IntegratedIntensity_DNA & Intensity_MedianIntensity_CDK6 & Metadata_well,0.00020608408208359859,0.0
Intensity_IntegratedIntensity_DNA & Intensity_MedianIntensity_Cdh1 & Intensity_MedianIntensity_Cdt1,-0.00019236213416950324,0.0
Intensity_IntegratedIntensity_DNA & Intensity_MedianIntensity_Cdh1 & Intensity_MedianIntensity_E2F1,-0.00011364394521068321,0.0
Intensity_IntegratedIntensity_DNA & Intensity_MedianIntensity_Cdh1 & Intensity_MedianIntensity_ER,0.0002105691934039926,0.0
Intensity_IntegratedIntensity_DNA & Intensity_MedianIntensity_Cdh1 & Intensity_MedianIntensity_Ki67,0.0002929712101709949,0.0
Intensity_IntegratedIntensity_DNA & Intensity_MedianIntensity_Cdh1 & Intensity_MedianIntensity_PR,-0.000252477560023592,0.0
Intensity_IntegratedIntensity_DNA & Intensity_MedianIntensity_Cdh1 & Intensity_MedianIntensity_RB,-0.0003953111279086991,0.0
Intensity_IntegratedIntensity_DNA & Intensity_MedianIntensity_Cdh1 & Intensity_MedianIntensity_Skp2,0.000515738685540565,0.0
Intensity_IntegratedIntensity_DNA & Intensity_MedianIntensity_Cdh1 & Intensity_MedianIntensity_cycA,0.00034961472555320545,0.0
Intensity_IntegratedIntensity_DNA & Intensity_MedianIntensity_Cdh1 & Intensity_MedianIntensity_cycB1,-0.000476197141895483,0.0
Intensity_IntegratedIntensity_DNA & Intensity_MedianIntensity_Cdh1 & Intensity_MedianIntensity_cycD1,0.00026070056590047865,0.0
Intensity_IntegratedIntensity_DNA & Intensity_MedianIntensity_Cdh1 & Intensity_MedianIntensity_cycE,0.0007945924476004253,0.0
Intensity_IntegratedIntensity_DNA & Intensity_MedianIntensity_Cdh1 & Intensity_MedianIntensity_p21,0.0008520820726359558,0.0
Intensity_IntegratedIntensity_DNA & Intensity_MedianIntensity_Cdh1 & Intensity_MedianIntensity_pRB,1.9788046111583736e-05,0.0
Intensity_IntegratedIntensity_DNA & Intensity_MedianIntensity_Cdh1 & pRB_over_RB,-0.0013712190572146348,0.0
Intensity_IntegratedIntensity_DNA & Intensity_MedianIntensity_Cdh1 & Metadata_well,0.0002926776345602352,0.0
Intensity_IntegratedIntensity_DNA & Intensity_MedianIntensity_Cdt1 & Intensity_MedianIntensity_E2F1,0.0004035741026662911,0.0
Intensity_IntegratedIntensity_DNA & Intensity_MedianIntensity_Cdt1 & Intensity_MedianIntensity_ER,0.00044708322788736455,0.0
Intensity_IntegratedIntensity_DNA & Intensity_MedianIntensity_Cdt1 & Intensity_MedianIntensity_Ki67,0.00040213758955166124,0.0
Intensity_IntegratedIntensity_DNA & Intensity_MedianIntensity_Cdt1 & Intensity_MedianIntensity_PR,3.292341882311989e-05,0.0
Intensity_IntegratedIntensity_DNA & Intensity_MedianIntensity_Cdt1 & Intensity_MedianIntensity_RB,-0.00014368897700770214,0.0
Intensity_IntegratedIntensity_DNA & Intensity_MedianIntensity_Cdt1 & Intensity_MedianIntensity_Skp2,-0.00021393006969343012,0.0
Intensity_IntegratedIntensity_DNA & Intensity_MedianIntensity_Cdt1 & Intensity_MedianIntensity_cycA,3.733813906244541e-05,0.0
Intensity_IntegratedIntensity_DNA & Intensity_MedianIntensity_Cdt1 & Intensity_MedianIntensity_cycB1,0.00032709980109365595,0.0
Intensity_IntegratedIntensity_DNA & Intensity_MedianIntensity_Cdt1 & Intensity_MedianIntensity_cycD1,-0.00022141140344948934,0.0
Intensity_IntegratedIntensity_DNA & Intensity_MedianIntensity_Cdt1 & Intensity_MedianIntensity_cycE,0.0003679279078597155,0.0
Intensity_IntegratedIntensity_DNA & Intensity_MedianIntensity_Cdt1 & Intensity_MedianIntensity_p21,0.0002743082652923407,0.0
Intensity_IntegratedIntensity_DNA & Intensity_MedianIntensity_Cdt1 & Intensity_MedianIntensity_pRB,0.00036878380546660094,0.0
Intensity_IntegratedIntensity_DNA & Intensity_MedianIntensity_Cdt1 & pRB_over_RB,-0.0003985969226182739,0.0
Intensity_IntegratedIntensity_DNA & Intensity_MedianIntensity_Cdt1 & Metadata_well,0.00019777601123922994,0.0
Intensity_IntegratedIntensity_DNA & Intensity_MedianIntensity_E2F1 & Intensity_MedianIntensity_ER,0.001095758829186427,0.0
Intensity_IntegratedIntensity_DNA & Intensity_MedianIntensity_E2F1 & Intensity_MedianIntensity_Ki67,0.0003840214949951213,0.0
Intensity_IntegratedIntensity_DNA & Intensity_MedianIntensity_E2F1 & Intensity_MedianIntensity_PR,-6.513929858275866e-05,0.0
Intensity_IntegratedIntensity_DNA & Intensity_MedianIntensity_E2F1 & Intensity_MedianIntensity_RB,-0.00017458396649250004,0.0
Intensity_IntegratedIntensity_DNA & Intensity_MedianIntensity_E2F1 & Intensity_MedianIntensity_Skp2,-0.0002138271907355715,0.0
Intensity_IntegratedIntensity_DNA & Intensity_MedianIntensity_E2F1 & Intensity_MedianIntensity_cycA,-0.0002640650188150102,0.0
Intensity_IntegratedIntensity_DNA & Intensity_MedianIntensity_E2F1 & Intensity_MedianIntensity_cycB1,0.0003930199908693757,0.0
Intensity_IntegratedIntensity_DNA & Intensity_MedianIntensity_E2F1 & Intensity_MedianIntensity_cycD1,0.0003043402029838614,0.0
Intensity_IntegratedIntensity_DNA & Intensity_MedianIntensity_E2F1 & Intensity_MedianIntensity_cycE,3.293522748885274e-05,0.0
Intensity_IntegratedIntensity_DNA & Intensity_MedianIntensity_E2F1 & Intensity_MedianIntensity_p21,9.756464588217412e-05,0.0
Intensity_IntegratedIntensity_DNA & Intensity_MedianIntensity_E2F1 & Intensity_MedianIntensity_pRB,-0.0012746124431811964,0.0
Intensity_IntegratedIntensity_DNA & Intensity_MedianIntensity_E2F1 & pRB_over_RB,-0.00020185033301279106,0.0
Intensity_IntegratedIntensity_DNA & Intensity_MedianIntensity_E2F1 & Metadata_well,0.0005038403861407421,0.0
Intensity_IntegratedIntensity_DNA & Intensity_MedianIntensity_ER & Intensity_MedianIntensity_Ki67,0.0010136086294404937,0.0
Intensity_IntegratedIntensity_DNA & Intensity_MedianIntensity_ER & Intensity_MedianIntensity_PR,0.00020599958218996885,0.0
Intensity_IntegratedIntensity_DNA & Intensity_MedianIntensity_ER & Intensity_MedianIntensity_RB,-0.00035934723720839695,0.0
Intensity_IntegratedIntensity_DNA & Intensity_MedianIntensity_ER & Intensity_MedianIntensity_Skp2,-0.0004236524405074016,0.0
Intensity_IntegratedIntensity_DNA & Intensity_MedianIntensity_ER & Intensity_MedianIntensity_cycA,0.00029698384179781604,0.0
Intensity_IntegratedIntensity_DNA & Intensity_MedianIntensity_ER & Intensity_MedianIntensity_cycB1,-0.00043385099989670303,0.0
Intensity_IntegratedIntensity_DNA & Intensity_MedianIntensity_ER & Intensity_MedianIntensity_cycD1,-0.0001328120102320256,0.0
Intensity_IntegratedIntensity_DNA & Intensity_MedianIntensity_ER & Intensity_MedianIntensity_cycE,-0.00031194296718044506,0.0
Intensity_IntegratedIntensity_DNA & Intensity_MedianIntensity_ER & Intensity_MedianIntensity_p21,0.0002835447068435446,0.0
Intensity_IntegratedIntensity_DNA & Intensity_MedianIntensity_ER & Intensity_MedianIntensity_pRB,9.155543476508382e-05,0.0
Intensity_IntegratedIntensity_DNA & Intensity_MedianIntensity_ER & pRB_over_RB,-8.546288407847039e-05,0.0
Intensity_IntegratedIntensity_DNA & Intensity_MedianIntensity_ER & Metadata_well,0.00042931165848360075,0.0
Intensity_IntegratedIntensity_DNA & Intensity_MedianIntensity_Ki67 & Intensity_MedianIntensity_PR,0.00029170375562866433,0.0
Intensity_IntegratedIntensity_DNA & Intensity_MedianIntensity_Ki67 & Intensity_MedianIntensity_RB,-9.272886560952152e-05,0.0
Intensity_IntegratedIntensity_DNA & Intensity_MedianIntensity_Ki67 & Intensity_MedianIntensity_Skp2,0.0006333039924320881,0.0
Intensity_IntegratedIntensity_DNA & Intensity_MedianIntensity_Ki67 & Intensity_MedianIntensity_cycA,0.0007865621750108938,0.0
Intensity_IntegratedIntensity_DNA & Intensity_MedianIntensity_Ki67 & Intensity_MedianIntensity_cycB1,0.00032235093395389377,0.0
Intensity_IntegratedIntensity_DNA & Intensity_MedianIntensity_Ki67 & Intensity_MedianIntensity_cycD1,0.0014723414796449453,0.0
Intensity_IntegratedIntensity_DNA & Intensity_MedianIntensity_Ki67 & Intensity_MedianIntensity_cycE,0.0006034998754417896,0.0
Intensity_IntegratedIntensity_DNA & Intensity_MedianIntensity_Ki67 & Intensity_MedianIntensity_p21,-1.4079389178136812e-05,0.0
Intensity_IntegratedIntensity_DNA & Intensity_MedianIntensity_Ki67 & Intensity_MedianIntensity_pRB,0.0005657507176831019,0.0
Intensity_IntegratedIntensity_DNA & Intensity_MedianIntensity_Ki67 & pRB_over_RB,-0.0004440589742610247,0.0
Intensity_IntegratedIntensity_DNA & Intensity_MedianIntensity_Ki67 & Metadata_well,0.0003408534871580754,0.0
Intensity_IntegratedIntensity_DNA & Intensity_MedianIntensity_PR & Intensity_MedianIntensity_RB,0.0007788877581279995,0.0
Intensity_IntegratedIntensity_DNA & Intensity_MedianIntensity_PR & Intensity_MedianIntensity_Skp2,-6.393096224875227e-05,0.0
Intensity_IntegratedIntensity_DNA & Intensity_MedianIntensity_PR & Intensity_MedianIntensity_cycA,0.0003353192689251476,0.0
Intensity_IntegratedIntensity_DNA & Intensity_MedianIntensity_PR & Intensity_MedianIntensity_cycB1,5.280611174229011e-05,0.0
Intensity_IntegratedIntensity_DNA & Intensity_MedianIntensity_PR & Intensity_MedianIntensity_cycD1,0.0006670687019220947,0.0
Intensity_IntegratedIntensity_DNA & Intensity_MedianIntensity_PR & Intensity_MedianIntensity_cycE,0.0002593888461449791,0.0
Intensity_IntegratedIntensity_DNA & Intensity_MedianIntensity_PR & Intensity_MedianIntensity_p21,0.0007178859848154551,0.0
Intensity_IntegratedIntensity_DNA & Intensity_MedianIntensity_PR & Intensity_MedianIntensity_pRB,-0.0006275472231190616,0.0
Intensity_IntegratedIntensity_DNA & Intensity_MedianIntensity_PR & pRB_over_RB,-0.0008796025040390126,0.0
Intensity_IntegratedIntensity_DNA & Intensity_MedianIntensity_PR & Metadata_well,-0.0002253621074922028,0.0
Intensity_IntegratedIntensity_DNA & Intensity_MedianIntensity_RB & Intensity_MedianIntensity_Skp2,8.072605361429794e-05,0.0
Intensity_IntegratedIntensity_DNA & Intensity_MedianIntensity_RB & Intensity_MedianIntensity_cycA,0.0007021110339677466,0.0
Intensity_IntegratedIntensity_DNA & Intensity_MedianIntensity_RB & Intensity_MedianIntensity_cycB1,4.748122343248723e-05,0.0
Intensity_IntegratedIntensity_DNA & Intensity_MedianIntensity_RB & Intensity_MedianIntensity_cycD1,0.00030720276827147884,0.0
Intensity_IntegratedIntensity_DNA & Intensity_MedianIntensity_RB & Intensity_MedianIntensity_cycE,-0.0009215094943968023,0.0
Intensity_IntegratedIntensity_DNA & Intensity_MedianIntensity_RB & Intensity_MedianIntensity_p21,-0.00040450067698510466,0.0
Intensity_IntegratedIntensity_DNA & Intensity_MedianIntensity_RB & Intensity_MedianIntensity_pRB,0.0006255355307860741,0.0
Intensity_IntegratedIntensity_DNA & Intensity_MedianIntensity_RB & pRB_over_RB,0.002583726359140552,0.0
Intensity_IntegratedIntensity_DNA & Intensity_MedianIntensity_RB & Metadata_well,0.0004983074895359173,0.0
Intensity_IntegratedIntensity_DNA & Intensity_MedianIntensity_Skp2 & Intensity_MedianIntensity_cycA,0.0007068845742909667,0.0
Intensity_IntegratedIntensity_DNA & Intensity_MedianIntensity_Skp2 & Intensity_MedianIntensity_cycB1,0.0003469090258764195,0.0
Intensity_IntegratedIntensity_DNA & Intensity_MedianIntensity_Skp2 & Intensity_MedianIntensity_cycD1,0.0005968801643831445,0.0
Intensity_IntegratedIntensity_DNA & Intensity_MedianIntensity_Skp2 & Intensity_MedianIntensity_cycE,-0.0004975958175105816,0.0
Intensity_IntegratedIntensity_DNA & Intensity_MedianIntensity_Skp2 & Intensity_MedianIntensity_p21,-0.0006070024400724711,0.0
Intensity_IntegratedIntensity_DNA & Intensity_MedianIntensity_Skp2 & Intensity_MedianIntensity_pRB,-0.0002676666943491803,0.0
Intensity_IntegratedIntensity_DNA & Intensity_MedianIntensity_Skp2 & pRB_over_RB,0.000478290730519258,0.0
Intensity_IntegratedIntensity_DNA & Intensity_MedianIntensity_Skp2 & Metadata_well,0.00014456318489846674,0.0
Intensity_IntegratedIntensity_DNA & Intensity_MedianIntensity_cycA & Intensity_MedianIntensity_cycB1,0.0007154022180027949,0.0
Intensity_IntegratedIntensity_DNA & Intensity_MedianIntensity_cycA & Intensity_MedianIntensity_cycD1,0.00014120555341864225,0.0
Intensity_IntegratedIntensity_DNA & Intensity_MedianIntensity_cycA & Intensity_MedianIntensity_cycE,1.423250824968486e-05,0.0
Intensity_IntegratedIntensity_DNA & Intensity_MedianIntensity_cycA & Intensity_MedianIntensity_p21,-0.0003699984308441252,0.0
Intensity_IntegratedIntensity_DNA & Intensity_MedianIntensity_cycA & Intensity_MedianIntensity_pRB,0.0002494639320429035,0.0
Intensity_IntegratedIntensity_DNA & Intensity_MedianIntensity_cycA & pRB_over_RB,-0.0006514778416547037,0.0
Intensity_IntegratedIntensity_DNA & Intensity_MedianIntensity_cycA & Metadata_well,-0.0003183575268889948,0.0
Intensity_IntegratedIntensity_DNA & Intensity_MedianIntensity_cycB1 & Intensity_MedianIntensity_cycD1,-0.00043633228496371766,0.0
Intensity_IntegratedIntensity_DNA & Intensity_MedianIntensity_cycB1 & Intensity_MedianIntensity_cycE,0.0003477452746523341,0.0
Intensity_IntegratedIntensity_DNA & Intensity_MedianIntensity_cycB1 & Intensity_MedianIntensity_p21,0.00013377852707541598,0.0
Intensity_IntegratedIntensity_DNA & Intensity_MedianIntensity_cycB1 & Intensity_MedianIntensity_pRB,4.1209459235336646e-05,0.0
Intensity_IntegratedIntensity_DNA & Intensity_MedianIntensity_cycB1 & pRB_over_RB,-5.371645966596786e-05,0.0
Intensity_IntegratedIntensity_DNA & Intensity_MedianIntensity_cycB1 & Metadata_well,-0.0003040882852563772,0.0
Intensity_IntegratedIntensity_DNA & Intensity_MedianIntensity_cycD1 & Intensity_MedianIntensity_cycE,5.455735851676289e-05,0.0
Intensity_IntegratedIntensity_DNA & Intensity_MedianIntensity_cycD1 & Intensity_MedianIntensity_p21,0.0007035229419178798,0.0
Intensity_IntegratedIntensity_DNA & Intensity_MedianIntensity_cycD1 & Intensity_MedianIntensity_pRB,-0.00015677434088734427,0.0
Intensity_IntegratedIntensity_DNA & Intensity_MedianIntensity_cycD1 & pRB_over_RB,-0.0006164947015278245,0.0
Intensity_IntegratedIntensity_DNA & Intensity_MedianIntensity_cycD1 & Metadata_well,0.00041743547263198576,0.0
Intensity_IntegratedIntensity_DNA & Intensity_MedianIntensity_cycE & Intensity_MedianIntensity_p21,-4.997042349179296e-05,0.0
Intensity_IntegratedIntensity_DNA & Intensity_MedianIntensity_cycE & Intensity_MedianIntensity_pRB,0.0008818357640737113,0.0
Intensity_IntegratedIntensity_DNA & Intensity_MedianIntensity_cycE & pRB_over_RB,-0.0003362031144644597,0.0
Intensity_IntegratedIntensity_DNA & Intensity_MedianIntensity_cycE & Metadata_well,0.0006701819554261997,0.0
Intensity_IntegratedIntensity_DNA & Intensity_MedianIntensity_p21 & Intensity_MedianIntensity_pRB,-0.0006737979823784465,0.0
Intensity_IntegratedIntensity_DNA & Intensity_MedianIntensity_p21 & pRB_over_RB,-0.00045975584082900945,0.0
Intensity_IntegratedIntensity_DNA & Intensity_MedianIntensity_p21 & Metadata_well,-0.0006232699558765233,0.0
Intensity_IntegratedIntensity_DNA & Intensity_MedianIntensity_pRB & pRB_over_RB,0.002879439231946027,0.0
Intensity_IntegratedIntensity_DNA & Intensity_MedianIntensity_pRB & Metadata_well,-0.0006951752924237961,0.0
Intensity_IntegratedIntensity_DNA & pRB_over_RB & Metadata_well,-0.00014713058999796542,0.0
Intensity_MedianIntensity_CDK2 & Intensity_MedianIntensity_CDK4 & Intensity_MedianIntensity_CDK6,-0.0007741571524121749,0.0
Intensity_MedianIntensity_CDK2 & Intensity_MedianIntensity_CDK4 & Intensity_MedianIntensity_Cdh1,-5.762571560538121e-06,0.0
Intensity_MedianIntensity_CDK2 & Intensity_MedianIntensity_CDK4 & Intensity_MedianIntensity_Cdt1,0.00033138825808227236,0.0
Intensity_MedianIntensity_CDK2 & Intensity_MedianIntensity_CDK4 & Intensity_MedianIntensity_E2F1,0.00026292456541914195,0.0
Intensity_MedianIntensity_CDK2 & Intensity_MedianIntensity_CDK4 & Intensity_MedianIntensity_ER,-0.0007979471381849832,0.0
Intensity_MedianIntensity_CDK2 & Intensity_MedianIntensity_CDK4 & Intensity_MedianIntensity_Ki67,0.0007476056651685483,0.0
Intensity_MedianIntensity_CDK2 & Intensity_MedianIntensity_CDK4 & Intensity_MedianIntensity_PR,-0.00029724835006374867,0.0
Intensity_MedianIntensity_CDK2 & Intensity_MedianIntensity_CDK4 & Intensity_MedianIntensity_RB,-0.0003344407504741828,0.0
Intensity_MedianIntensity_CDK2 & Intensity_MedianIntensity_CDK4 & Intensity_MedianIntensity_Skp2,0.0007684045371559456,0.0
Intensity_MedianIntensity_CDK2 & Intensity_MedianIntensity_CDK4 & Intensity_MedianIntensity_cycA,0.00011523734291651264,0.0
Intensity_MedianIntensity_CDK2 & Intensity_MedianIntensity_CDK4 & Intensity_MedianIntensity_cycB1,6.728059511344844e-05,0.0
Intensity_MedianIntensity_CDK2 & Intensity_MedianIntensity_CDK4 & Intensity_MedianIntensity_cycD1,0.0006367376640999416,0.0
Intensity_MedianIntensity_CDK2 & Intensity_MedianIntensity_CDK4 & Intensity_MedianIntensity_cycE,-0.00019112062439085505,0.0
Intensity_MedianIntensity_CDK2 & Intensity_MedianIntensity_CDK4 & Intensity_MedianIntensity_p21,0.0005151700840588126,0.0
Intensity_MedianIntensity_CDK2 & Intensity_MedianIntensity_CDK4 & Intensity_MedianIntensity_pRB,-0.00027546764331504305,0.0
Intensity_MedianIntensity_CDK2 & Intensity_MedianIntensity_CDK4 & pRB_over_RB,-3.918206685086145e-05,0.0
Intensity_MedianIntensity_CDK2 & Intensity_MedianIntensity_CDK4 & Metadata_well,0.00026298796801386905,0.0
Intensity_MedianIntensity_CDK2 & Intensity_MedianIntensity_CDK6 & Intensity_MedianIntensity_Cdh1,-0.00043550487652369246,0.0
Intensity_MedianIntensity_CDK2 & Intensity_MedianIntensity_CDK6 & Intensity_MedianIntensity_Cdt1,-3.3037214390415606e-05,0.0
Intensity_MedianIntensity_CDK2 & Intensity_MedianIntensity_CDK6 & Intensity_MedianIntensity_E2F1,0.00043111255918464893,0.0
Intensity_MedianIntensity_CDK2 & Intensity_MedianIntensity_CDK6 & Intensity_MedianIntensity_ER,0.0006426423852765821,0.0
Intensity_MedianIntensity_CDK2 & Intensity_MedianIntensity_CDK6 & Intensity_MedianIntensity_Ki67,-0.00017804458294688456,0.0
Intensity_MedianIntensity_CDK2 & Intensity_MedianIntensity_CDK6 & Intensity_MedianIntensity_PR,0.0005420113444346351,0.0
Intensity_MedianIntensity_CDK2 & Intensity_MedianIntensity_CDK6 & Intensity_MedianIntensity_RB,0.0011209354198427105,0.0
Intensity_MedianIntensity_CDK2 & Intensity_MedianIntensity_CDK6 & Intensity_MedianIntensity_Skp2,7.66871501160244e-05,0.0
Intensity_MedianIntensity_CDK2 & Intensity_MedianIntensity_CDK6 & Intensity_MedianIntensity_cycA,0.0005733391641679705,0.0
Intensity_MedianIntensity_CDK2 & Intensity_MedianIntensity_CDK6 & Intensity_MedianIntensity_cycB1,-0.00024811539639329187,0.0
Intensity_MedianIntensity_CDK2 & Intensity_MedianIntensity_CDK6 & Intensity_MedianIntensity_cycD1,-9.05931672238141e-05,0.0
Intensity_MedianIntensity_CDK2 & Intensity_MedianIntensity_CDK6 & Intensity_MedianIntensity_cycE,9.904972205112169e-05,0.0
Intensity_MedianIntensity_CDK2 & Intensity_MedianIntensity_CDK6 & Intensity_MedianIntensity_p21,7.017547014598559e-05,0.0
Intensity_MedianIntensity_CDK2 & Intensity_MedianIntensity_CDK6 & Intensity_MedianIntensity_pRB,0.00011164369613031787,0.0
Intensity_MedianIntensity_CDK2 & Intensity_MedianIntensity_CDK6 & pRB_over_RB,-0.00032175020498074623,0.0
Intensity_MedianIntensity_CDK2 & Intensity_MedianIntensity_CDK6 & Metadata_well,4.423640902619584e-05,0.0
Intensity_MedianIntensity_CDK2 & Intensity_MedianIntensity_Cdh1 & Intensity_MedianIntensity_Cdt1,0.00027840107666840774,0.0
Intensity_MedianIntensity_CDK2 & Intensity_MedianIntensity_Cdh1 & Intensity_MedianIntensity_E2F1,8.233557111977367e-05,0.0
Intensity_MedianIntensity_CDK2 & Intensity_MedianIntensity_Cdh1 & Intensity_MedianIntensity_ER,-0.00023186297226048967,0.0
Intensity_MedianIntensity_CDK2 & Intensity_MedianIntensity_Cdh1 & Intensity_MedianIntensity_Ki67,0.00011900734144141656,0.0
Intensity_MedianIntensity_CDK2 & Intensity_MedianIntensity_Cdh1 & Intensity_MedianIntensity_PR,0.000516574310334956,0.0
Intensity_MedianIntensity_CDK2 & Intensity_MedianIntensity_Cdh1 & Intensity_MedianIntensity_RB,-0.00010651118478749407,0.0
Intensity_MedianIntensity_CDK2 & Intensity_MedianIntensity_Cdh1 & Intensity_MedianIntensity_Skp2,0.0005639327163070795,0.0
Intensity_MedianIntensity_CDK2 & Intensity_MedianIntensity_Cdh1 & Intensity_MedianIntensity_cycA,-0.00042398934654371305,0.0
Intensity_MedianIntensity_CDK2 & Intensity_MedianIntensity_Cdh1 & Intensity_MedianIntensity_cycB1,3.30120723426384e-05,0.0
Intensity_MedianIntensity_CDK2 & Intensity_MedianIntensity_Cdh1 & Intensity_MedianIntensity_cycD1,0.0001758133534669516,0.0
Intensity_MedianIntensity_CDK2 & Intensity_MedianIntensity_Cdh1 & Intensity_MedianIntensity_cycE,9.566942788030749e-05,0.0
Intensity_MedianIntensity_CDK2 & Intensity_MedianIntensity_Cdh1 & Intensity_MedianIntensity_p21,0.0007573010042196579,0.0
Intensity_MedianIntensity_CDK2 & Intensity_MedianIntensity_Cdh1 & Intensity_MedianIntensity_pRB,0.0002179841310641341,0.0
Intensity_MedianIntensity_CDK2 & Intensity_MedianIntensity_Cdh1 & pRB_over_RB,7.216774405490996e-05,0.0
Intensity_MedianIntensity_CDK2 & Intensity_MedianIntensity_Cdh1 & Metadata_well,-0.0003378350290040992,0.0
Intensity_MedianIntensity_CDK2 & Intensity_MedianIntensity_Cdt1 & Intensity_MedianIntensity_E2F1,-0.00020588831268991716,0.0
Intensity_MedianIntensity_CDK2 & Intensity_MedianIntensity_Cdt1 & Intensity_MedianIntensity_ER,0.0006346243899830513,0.0
Intensity_MedianIntensity_CDK2 & Intensity_MedianIntensity_Cdt1 & Intensity_MedianIntensity_Ki67,-4.861074858026563e-05,0.0
Intensity_MedianIntensity_CDK2 & Intensity_MedianIntensity_Cdt1 & Intensity_MedianIntensity_PR,7.766812390569677e-05,0.0
Intensity_MedianIntensity_CDK2 & Intensity_MedianIntensity_Cdt1 & Intensity_MedianIntensity_RB,-0.00017268875693754725,0.0
Intensity_MedianIntensity_CDK2 & Intensity_MedianIntensity_Cdt1 & Intensity_MedianIntensity_Skp2,0.00024962578100310893,0.0
Intensity_MedianIntensity_CDK2 & Intensity_MedianIntensity_Cdt1 & Intensity_MedianIntensity_cycA,-8.941273501724186e-05,0.0
Intensity_MedianIntensity_CDK2 & Intensity_MedianIntensity_Cdt1 & Intensity_MedianIntensity_cycB1,0.00038590490102030867,0.0
Intensity_MedianIntensity_CDK2 & Intensity_MedianIntensity_Cdt1 & Intensity_MedianIntensity_cycD1,-0.0003743442909425364,0.0
Intensity_MedianIntensity_CDK2 & Intensity_MedianIntensity_Cdt1 & Intensity_MedianIntensity_cycE,0.00031167660490840233,0.0
Intensity_MedianIntensity_CDK2 & Intensity_MedianIntensity_Cdt1 & Intensity_MedianIntensity_p21,0.00027642203787449625,0.0
Intensity_MedianIntensity_CDK2 & Intensity_MedianIntensity_Cdt1 & Intensity_MedianIntensity_pRB,-0.0006091596649180187,0.0
Intensity_MedianIntensity_CDK2 & Intensity_MedianIntensity_Cdt1 & pRB_over_RB,-0.0013767186767471048,0.0
Intensity_MedianIntensity_CDK2 & Intensity_MedianIntensity_Cdt1 & Metadata_well,0.00056888200174055,0.0
Intensity_MedianIntensity_CDK2 & Intensity_MedianIntensity_E2F1 & Intensity_MedianIntensity_ER,3.468616096571347e-05,0.0
Intensity_MedianIntensity_CDK2 & Intensity_MedianIntensity_E2F1 & Intensity_MedianIntensity_Ki67,0.0002958275145192585,0.0
Intensity_MedianIntensity_CDK2 & Intensity_MedianIntensity_E2F1 & Intensity_MedianIntensity_PR,-0.00020656100204895586,0.0
Intensity_MedianIntensity_CDK2 & Intensity_MedianIntensity_E2F1 & Intensity_MedianIntensity_RB,-0.00016876235585800556,0.0
Intensity_MedianIntensity_CDK2 & Intensity_MedianIntensity_E2F1 & Intensity_MedianIntensity_Skp2,-1.2547361048140438e-05,0.0
Intensity_MedianIntensity_CDK2 & Intensity_MedianIntensity_E2F1 & Intensity_MedianIntensity_cycA,-0.00045033932263964754,0.0
Intensity_MedianIntensity_CDK2 & Intensity_MedianIntensity_E2F1 & Intensity_MedianIntensity_cycB1,0.0007759331375910467,0.0
Intensity_MedianIntensity_CDK2 & Intensity_MedianIntensity_E2F1 & Intensity_MedianIntensity_cycD1,0.001101489460438353,0.0
Intensity_MedianIntensity_CDK2 & Intensity_MedianIntensity_E2F1 & Intensity_MedianIntensity_cycE,-0.00016065739393976837,0.0
Intensity_MedianIntensity_CDK2 & Intensity_MedianIntensity_E2F1 & Intensity_MedianIntensity_p21,-0.0002312567521806021,0.0
Intensity_MedianIntensity_CDK2 & Intensity_MedianIntensity_E2F1 & Intensity_MedianIntensity_pRB,-0.0008757719356140439,0.0
Intensity_MedianIntensity_CDK2 & Intensity_MedianIntensity_E2F1 & pRB_over_RB,-0.0009142546421196268,0.0
Intensity_MedianIntensity_CDK2 & Intensity_MedianIntensity_E2F1 & Metadata_well,8.168324362494324e-05,0.0
Intensity_MedianIntensity_CDK2 & Intensity_MedianIntensity_ER & Intensity_MedianIntensity_Ki67,-0.0003292605894251543,0.0
Intensity_MedianIntensity_CDK2 & Intensity_MedianIntensity_ER & Intensity_MedianIntensity_PR,0.00022203724472177365,0.0
Intensity_MedianIntensity_CDK2 & Intensity_MedianIntensity_ER & Intensity_MedianIntensity_RB,0.00016419622623948653,0.0
Intensity_MedianIntensity_CDK2 & Intensity_MedianIntensity_ER & Intensity_MedianIntensity_Skp2,0.0007151736262128732,0.0
Intensity_MedianIntensity_CDK2 & Intensity_MedianIntensity_ER & Intensity_MedianIntensity_cycA,8.96653301917535e-06,0.0
Intensity_MedianIntensity_CDK2 & Intensity_MedianIntensity_ER & Intensity_MedianIntensity_cycB1,0.0010807485546440066,0.0
Intensity_MedianIntensity_CDK2 & Intensity_MedianIntensity_ER & Intensity_MedianIntensity_cycD1,-9.810247958767395e-05,0.0
Intensity_MedianIntensity_CDK2 & Intensity_MedianIntensity_ER & Intensity_MedianIntensity_cycE,-0.00010667044532967436,0.0
Intensity_MedianIntensity_CDK2 & Intensity_MedianIntensity_ER & Intensity_MedianIntensity_p21,-0.0005749820890230377,0.0
Intensity_MedianIntensity_CDK2 & Intensity_MedianIntensity_ER & Intensity_MedianIntensity_pRB,-0.0007039239280183378,0.0
Intensity_MedianIntensity_CDK2 & Intensity_MedianIntensity_ER & pRB_over_RB,-0.0004526445289364201,0.0
Intensity_MedianIntensity_CDK2 & Intensity_MedianIntensity_ER & Metadata_well,-0.0004491964986479604,0.0
Intensity_MedianIntensity_CDK2 & Intensity_MedianIntensity_Ki67 & Intensity_MedianIntensity_PR,0.0007188619314288629,0.0
Intensity_MedianIntensity_CDK2 & Intensity_MedianIntensity_Ki67 & Intensity_MedianIntensity_RB,-0.0011636749403545709,0.0
Intensity_MedianIntensity_CDK2 & Intensity_MedianIntensity_Ki67 & Intensity_MedianIntensity_Skp2,-0.000259718038259677,0.0
Intensity_MedianIntensity_CDK2 & Intensity_MedianIntensity_Ki67 & Intensity_MedianIntensity_cycA,-0.0005949743652918269,0.0
Intensity_MedianIntensity_CDK2 & Intensity_MedianIntensity_Ki67 & Intensity_MedianIntensity_cycB1,0.00029312731816365207,0.0
Intensity_MedianIntensity_CDK2 & Intensity_MedianIntensity_Ki67 & Intensity_MedianIntensity_cycD1,0.0011147583786933932,0.0
Intensity_MedianIntensity_CDK2 & Intensity_MedianIntensity_Ki67 & Intensity_MedianIntensity_cycE,8.75022097547367e-05,0.0
Intensity_MedianIntensity_CDK2 & Intensity_MedianIntensity_Ki67 & Intensity_MedianIntensity_p21,0.000285109419652041,0.0
Intensity_MedianIntensity_CDK2 & Intensity_MedianIntensity_Ki67 & Intensity_MedianIntensity_pRB,-7.033674178304674e-05,0.0
Intensity_MedianIntensity_CDK2 & Intensity_MedianIntensity_Ki67 & pRB_over_RB,0.0009984670489246194,0.0
Intensity_MedianIntensity_CDK2 & Intensity_MedianIntensity_Ki67 & Metadata_well,-0.00023387048130708385,0.0
Intensity_MedianIntensity_CDK2 & Intensity_MedianIntensity_PR & Intensity_MedianIntensity_RB,-0.00024208227462998988,0.0
Intensity_MedianIntensity_CDK2 & Intensity_MedianIntensity_PR & Intensity_MedianIntensity_Skp2,0.0004872125522042563,0.0
Intensity_MedianIntensity_CDK2 & Intensity_MedianIntensity_PR & Intensity_MedianIntensity_cycA,-6.362175293772754e-05,0.0
Intensity_MedianIntensity_CDK2 & Intensity_MedianIntensity_PR & Intensity_MedianIntensity_cycB1,0.00041055549457876217,0.0
Intensity_MedianIntensity_CDK2 & Intensity_MedianIntensity_PR & Intensity_MedianIntensity_cycD1,-0.00044104954635751847,0.0
Intensity_MedianIntensity_CDK2 & Intensity_MedianIntensity_PR & Intensity_MedianIntensity_cycE,-1.9392457327072205e-05,0.0
Intensity_MedianIntensity_CDK2 & Intensity_MedianIntensity_PR & Intensity_MedianIntensity_p21,-0.0006367834115903128,0.0
Intensity_MedianIntensity_CDK2 & Intensity_MedianIntensity_PR & Intensity_MedianIntensity_pRB,0.000513889900836444,0.0
Intensity_MedianIntensity_CDK2 & Intensity_MedianIntensity_PR & pRB_over_RB,-0.0005021568734454428,0.0
Intensity_MedianIntensity_CDK2 & Intensity_MedianIntensity_PR & Metadata_well,-0.0004923447023101685,0.0
Intensity_MedianIntensity_CDK2 & Intensity_MedianIntensity_RB & Intensity_MedianIntensity_Skp2,0.001000133791382146,0.0
Intensity_MedianIntensity_CDK2 & Intensity_MedianIntensity_RB & Intensity_MedianIntensity_cycA,0.0002931330071450693,0.0
Intensity_MedianIntensity_CDK2 & Intensity_MedianIntensity_RB & Intensity_MedianIntensity_cycB1,0.00025183007739711756,0.0
Intensity_MedianIntensity_CDK2 & Intensity_MedianIntensity_RB & Intensity_MedianIntensity_cycD1,0.0003715807665610911,0.0
Intensity_MedianIntensity_CDK2 & Intensity_MedianIntensity_RB & Intensity_MedianIntensity_cycE,0.00029232417221901466,0.0
Intensity_MedianIntensity_CDK2 & Intensity_MedianIntensity_RB & Intensity_MedianIntensity_p21,0.00032926566338814544,0.0
Intensity_MedianIntensity_CDK2 & Intensity_MedianIntensity_RB & Intensity_MedianIntensity_pRB,-9.030788458712898e-05,0.0
Intensity_MedianIntensity_CDK2 & Intensity_MedianIntensity_RB & pRB_over_RB,0.0021174212399983714,0.0
Intensity_MedianIntensity_CDK2 & Intensity_MedianIntensity_RB & Metadata_well,-0.0007152031010610271,0.0
Intensity_MedianIntensity_CDK2 & Intensity_MedianIntensity_Skp2 & Intensity_MedianIntensity_cycA,-1.643606493059828e-05,0.0
Intensity_MedianIntensity_CDK2 & Intensity_MedianIntensity_Skp2 & Intensity_MedianIntensity_cycB1,-0.00039320404332830993,0.0
Intensity_MedianIntensity_CDK2 & Intensity_MedianIntensity_Skp2 & Intensity_MedianIntensity_cycD1,-0.0007976047456951114,0.0
Intensity_MedianIntensity_CDK2 & Intensity_MedianIntensity_Skp2 & Intensity_MedianIntensity_cycE,-9.935429190930743e-05,0.0
Intensity_MedianIntensity_CDK2 & Intensity_MedianIntensity_Skp2 & Intensity_MedianIntensity_p21,0.00015999531685286655,0.0
Intensity_MedianIntensity_CDK2 & Intensity_MedianIntensity_Skp2 & Intensity_MedianIntensity_pRB,-0.0001779472215775522,0.0
Intensity_MedianIntensity_CDK2 & Intensity_MedianIntensity_Skp2 & pRB_over_RB,-0.0013896082312685046,0.0
Intensity_MedianIntensity_CDK2 & Intensity_MedianIntensity_Skp2 & Metadata_well,7.866457315162484e-05,0.0
Intensity_MedianIntensity_CDK2 & Intensity_MedianIntensity_cycA & Intensity_MedianIntensity_cycB1,-0.0003844157635289562,0.0
Intensity_MedianIntensity_CDK2 & Intensity_MedianIntensity_cycA & Intensity_MedianIntensity_cycD1,-0.0005192116217668451,0.0
Intensity_MedianIntensity_CDK2 & Intensity_MedianIntensity_cycA & Intensity_MedianIntensity_cycE,0.0007449507613323025,0.0
Intensity_MedianIntensity_CDK2 & Intensity_MedianIntensity_cycA & Intensity_MedianIntensity_p21,-5.264495314609415e-05,0.0
Intensity_MedianIntensity_CDK2 & Intensity_MedianIntensity_cycA & Intensity_MedianIntensity_pRB,6.227057856999023e-05,0.0
Intensity_MedianIntensity_CDK2 & Intensity_MedianIntensity_cycA & pRB_over_RB,-3.9602988744867866e-05,0.0
Intensity_MedianIntensity_CDK2 & Intensity_MedianIntensity_cycA & Metadata_well,0.0004814255209200487,0.0
Intensity_MedianIntensity_CDK2 & Intensity_MedianIntensity_cycB1 & Intensity_MedianIntensity_cycD1,3.367197797851989e-05,0.0
Intensity_MedianIntensity_CDK2 & Intensity_MedianIntensity_cycB1 & Intensity_MedianIntensity_cycE,0.0004664534064263122,0.0
Intensity_MedianIntensity_CDK2 & Intensity_MedianIntensity_cycB1 & Intensity_MedianIntensity_p21,-0.0001898863952633804,0.0
Intensity_MedianIntensity_CDK2 & Intensity_MedianIntensity_cycB1 & Intensity_MedianIntensity_pRB,-0.0006572638491559557,0.0
Intensity_MedianIntensity_CDK2 & Intensity_MedianIntensity_cycB1 & pRB_over_RB,-9.808159934898346e-05,0.0
Intensity_MedianIntensity_CDK2 & Intensity_MedianIntensity_cycB1 & Metadata_well,-9.249566078579439e-06,0.0
Intensity_MedianIntensity_CDK2 & Intensity_MedianIntensity_cycD1 & Intensity_MedianIntensity_cycE,-0.0003128522597920127,0.0
Intensity_MedianIntensity_CDK2 & Intensity_MedianIntensity_cycD1 & Intensity_MedianIntensity_p21,-0.00033273845923639594,0.0
Intensity_MedianIntensity_CDK2 & Intensity_MedianIntensity_cycD1 & Intensity_MedianIntensity_pRB,0.0007223212566368689,0.0
Intensity_MedianIntensity_CDK2 & Intensity_MedianIntensity_cycD1 & pRB_over_RB,0.00020632010434703542,0.0
Intensity_MedianIntensity_CDK2 & Intensity_MedianIntensity_cycD1 & Metadata_well,2.0746458055535858e-05,0.0
Intensity_MedianIntensity_CDK2 & Intensity_MedianIntensity_cycE & Intensity_MedianIntensity_p21,-0.0005042015671895142,0.0
Intensity_MedianIntensity_CDK2 & Intensity_MedianIntensity_cycE & Intensity_MedianIntensity_pRB,2.3465398814636433e-05,0.0
Intensity_MedianIntensity_CDK2 & Intensity_MedianIntensity_cycE & pRB_over_RB,-0.0010669748344009201,0.0
Intensity_MedianIntensity_CDK2 & Intensity_MedianIntensity_cycE & Metadata_well,-1.0995444597758657e-05,0.0
Intensity_MedianIntensity_CDK2 & Intensity_MedianIntensity_p21 & Intensity_MedianIntensity_pRB,0.0005997964102621013,0.0
Intensity_MedianIntensity_CDK2 & Intensity_MedianIntensity_p21 & pRB_over_RB,-5.613970273915799e-05,0.0
Intensity_MedianIntensity_CDK2 & Intensity_MedianIntensity_p21 & Metadata_well,0.0011311321220086638,0.0
Intensity_MedianIntensity_CDK2 & Intensity_MedianIntensity_pRB & pRB_over_RB,0.0031712758191833517,0.0
Intensity_MedianIntensity_CDK2 & Intensity_MedianIntensity_pRB & Metadata_well,0.00015035017509671991,0.0
Intensity_MedianIntensity_CDK2 & pRB_over_RB & Metadata_well,0.0001632290225171677,0.0
Intensity_MedianIntensity_CDK4 & Intensity_MedianIntensity_CDK6 & Intensity_MedianIntensity_Cdh1,-0.0002489976806394654,0.0
Intensity_MedianIntensity_CDK4 & Intensity_MedianIntensity_CDK6 & Intensity_MedianIntensity_Cdt1,-2.1829736420484804e-05,0.0
Intensity_MedianIntensity_CDK4 & Intensity_MedianIntensity_CDK6 & Intensity_MedianIntensity_E2F1,-0.000354311065085597,0.0
Intensity_MedianIntensity_CDK4 & Intensity_MedianIntensity_CDK6 & Intensity_MedianIntensity_ER,-0.0003065923120567244,0.0
Intensity_MedianIntensity_CDK4 & Intensity_MedianIntensity_CDK6 & Intensity_MedianIntensity_Ki67,0.0005200716413616875,0.0
Intensity_MedianIntensity_CDK4 & Intensity_MedianIntensity_CDK6 & Intensity_MedianIntensity_PR,1.1121747910582855e-05,0.0
Intensity_MedianIntensity_CDK4 & Intensity_MedianIntensity_CDK6 & Intensity_MedianIntensity_RB,0.00030317566742107905,0.0
Intensity_MedianIntensity_CDK4 & Intensity_MedianIntensity_CDK6 & Intensity_MedianIntensity_Skp2,0.0002635679227124963,0.0
Intensity_MedianIntensity_CDK4 & Intensity_MedianIntensity_CDK6 & Intensity_MedianIntensity_cycA,0.0005415603513399626,0.0
Intensity_MedianIntensity_CDK4 & Intensity_MedianIntensity_CDK6 & Intensity_MedianIntensity_cycB1,0.00038095702385437,0.0
Intensity_MedianIntensity_CDK4 & Intensity_MedianIntensity_CDK6 & Intensity_MedianIntensity_cycD1,0.0002601154240622455,0.0
Intensity_MedianIntensity_CDK4 & Intensity_MedianIntensity_CDK6 & Intensity_MedianIntensity_cycE,0.00013612104607351987,0.0
Intensity_MedianIntensity_CDK4 & Intensity_MedianIntensity_CDK6 & Intensity_MedianIntensity_p21,-0.0003113449112477756,0.0
Intensity_MedianIntensity_CDK4 & Intensity_MedianIntensity_CDK6 & Intensity_MedianIntensity_pRB,0.00031443844982328723,0.0
Intensity_MedianIntensity_CDK4 & Intensity_MedianIntensity_CDK6 & pRB_over_RB,0.0011140317239664282,0.0
Intensity_MedianIntensity_CDK4 & Intensity_MedianIntensity_CDK6 & Metadata_well,1.0563455691707127e-06,0.0
Intensity_MedianIntensity_CDK4 & Intensity_MedianIntensity_Cdh1 & Intensity_MedianIntensity_Cdt1,0.0001650040088259485,0.0
Intensity_MedianIntensity_CDK4 & Intensity_MedianIntensity_Cdh1 & Intensity_MedianIntensity_E2F1,0.0008876605965437036,0.0
Intensity_MedianIntensity_CDK4 & Intensity_MedianIntensity_Cdh1 & Intensity_MedianIntensity_ER,0.0003568134815393667,0.0
Intensity_MedianIntensity_CDK4 & Intensity_MedianIntensity_Cdh1 & Intensity_MedianIntensity_Ki67,-0.0006863102833997728,0.0
Intensity_MedianIntensity_CDK4 & Intensity_MedianIntensity_Cdh1 & Intensity_MedianIntensity_PR,-0.00026043444868568657,0.0
Intensity_MedianIntensity_CDK4 & Intensity_MedianIntensity_Cdh1 & Intensity_MedianIntensity_RB,2.689319639291499e-05,0.0
Intensity_MedianIntensity_CDK4 & Intensity_MedianIntensity_Cdh1 & Intensity_MedianIntensity_Skp2,-0.00011647711512954215,0.0
Intensity_MedianIntensity_CDK4 & Intensity_MedianIntensity_Cdh1 & Intensity_MedianIntensity_cycA,-2.367629026289322e-05,0.0
Intensity_MedianIntensity_CDK4 & Intensity_MedianIntensity_Cdh1 & Intensity_MedianIntensity_cycB1,0.0010954261401491228,0.0
Intensity_MedianIntensity_CDK4 & Intensity_MedianIntensity_Cdh1 & Intensity_MedianIntensity_cycD1,-2.8288344277637216e-05,0.0
Intensity_MedianIntensity_CDK4 & Intensity_MedianIntensity_Cdh1 & Intensity_MedianIntensity_cycE,0.00026914293660421405,0.0
Intensity_MedianIntensity_CDK4 & Intensity_MedianIntensity_Cdh1 & Intensity_MedianIntensity_p21,0.0005211110709827894,0.0
Intensity_MedianIntensity_CDK4 & Intensity_MedianIntensity_Cdh1 & Intensity_MedianIntensity_pRB,-0.0006322885591254656,0.0
Intensity_MedianIntensity_CDK4 & Intensity_MedianIntensity_Cdh1 & pRB_over_RB,-0.0004532844752503786,0.0
Intensity_MedianIntensity_CDK4 & Intensity_MedianIntensity_Cdh1 & Metadata_well,0.0005304765407019443,0.0
Intensity_MedianIntensity_CDK4 & Intensity_MedianIntensity_Cdt1 & Intensity_MedianIntensity_E2F1,0.0003373172239424834,0.0
Intensity_MedianIntensity_CDK4 & Intensity_MedianIntensity_Cdt1 & Intensity_MedianIntensity_ER,0.0002028365838048647,0.0
Intensity_MedianIntensity_CDK4 & Intensity_MedianIntensity_Cdt1 & Intensity_MedianIntensity_Ki67,-0.00014791763417598257,0.0
Intensity_MedianIntensity_CDK4 & Intensity_MedianIntensity_Cdt1 & Intensity_MedianIntensity_PR,-0.00042714077974672477,0.0
Intensity_MedianIntensity_CDK4 & Intensity_MedianIntensity_Cdt1 & Intensity_MedianIntensity_RB,-0.0008313967779189847,0.0
Intensity_MedianIntensity_CDK4 & Intensity_MedianIntensity_Cdt1 & Intensity_MedianIntensity_Skp2,-0.0004063274308157867,0.0
Intensity_MedianIntensity_CDK4 & Intensity_MedianIntensity_Cdt1 & Intensity_MedianIntensity_cycA,0.00022299388580498361,0.0
Intensity_MedianIntensity_CDK4 & Intensity_MedianIntensity_Cdt1 & Intensity_MedianIntensity_cycB1,-5.025612940137693e-05,0.0
Intensity_MedianIntensity_CDK4 & Intensity_MedianIntensity_Cdt1 & Intensity_MedianIntensity_cycD1,0.0002239430645631233,0.0
Intensity_MedianIntensity_CDK4 & Intensity_MedianIntensity_Cdt1 & Intensity_MedianIntensity_cycE,0.0003282686095873465,0.0
Intensity_MedianIntensity_CDK4 & Intensity_MedianIntensity_Cdt1 & Intensity_MedianIntensity_p21,0.0001934905938005336,0.0
Intensity_MedianIntensity_CDK4 & Intensity_MedianIntensity_Cdt1 & Intensity_MedianIntensity_pRB,-0.0001407013973556686,0.0
Intensity_MedianIntensity_CDK4 & Intensity_MedianIntensity_Cdt1 & pRB_over_RB,-0.00042142514407744215,0.0
Intensity_MedianIntensity_CDK4 & Intensity_MedianIntensity_Cdt1 & Metadata_well,0.0005542316042443618,0.0
Intensity_MedianIntensity_CDK4 & Intensity_MedianIntensity_E2F1 & Intensity_MedianIntensity_ER,0.0002621342609810922,0.0
Intensity_MedianIntensity_CDK4 & Intensity_MedianIntensity_E2F1 & Intensity_MedianIntensity_Ki67,-0.0001666172919291009,0.0
Intensity_MedianIntensity_CDK4 & Intensity_MedianIntensity_E2F1 & Intensity_MedianIntensity_PR,0.00035806248781977543,0.0
Intensity_MedianIntensity_CDK4 & Intensity_MedianIntensity_E2F1 & Intensity_MedianIntensity_RB,-0.0004771965694205409,0.0
Intensity_MedianIntensity_CDK4 & Intensity_MedianIntensity_E2F1 & Intensity_MedianIntensity_Skp2,-0.00026082852654083313,0.0
Intensity_MedianIntensity_CDK4 & Intensity_MedianIntensity_E2F1 & Intensity_MedianIntensity_cycA,-0.0005830025413647172,0.0
Intensity_MedianIntensity_CDK4 & Intensity_MedianIntensity_E2F1 & Intensity_MedianIntensity_cycB1,-0.0005069852646138614,0.0
Intensity_MedianIntensity_CDK4 & Intensity_MedianIntensity_E2F1 & Intensity_MedianIntensity_cycD1,0.0009288497585824559,0.0
Intensity_MedianIntensity_CDK4 & Intensity_MedianIntensity_E2F1 & Intensity_MedianIntensity_cycE,-3.5681385400962195e-05,0.0
Intensity_MedianIntensity_CDK4 & Intensity_MedianIntensity_E2F1 & Intensity_MedianIntensity_p21,-0.0002910034766162988,0.0
Intensity_MedianIntensity_CDK4 & Intensity_MedianIntensity_E2F1 & Intensity_MedianIntensity_pRB,0.0006023334068345484,0.0
Intensity_MedianIntensity_CDK4 & Intensity_MedianIntensity_E2F1 & pRB_over_RB,0.0011414425605234528,0.0
Intensity_MedianIntensity_CDK4 & Intensity_MedianIntensity_E2F1 & Metadata_well,-0.0002286939377769927,0.0
Intensity_MedianIntensity_CDK4 & Intensity_MedianIntensity_ER & Intensity_MedianIntensity_Ki67,0.0002991472087085921,0.0
Intensity_MedianIntensity_CDK4 & Intensity_MedianIntensity_ER & Intensity_MedianIntensity_PR,-0.0005804469380274881,0.0
Intensity_MedianIntensity_CDK4 & Intensity_MedianIntensity_ER & Intensity_MedianIntensity_RB,0.00012296692398715015,0.0
Intensity_MedianIntensity_CDK4 & Intensity_MedianIntensity_ER & Intensity_MedianIntensity_Skp2,0.0004193933207501167,0.0
Intensity_MedianIntensity_CDK4 & Intensity_MedianIntensity_ER & Intensity_MedianIntensity_cycA,0.0003127873092776552,0.0
Intensity_MedianIntensity_CDK4 & Intensity_MedianIntensity_ER & Intensity_MedianIntensity_cycB1,2.884452533204165e-06,0.0
Intensity_MedianIntensity_CDK4 & Intensity_MedianIntensity_ER & Intensity_MedianIntensity_cycD1,-0.00010973775108239533,0.0
Intensity_MedianIntensity_CDK4 & Intensity_MedianIntensity_ER & Intensity_MedianIntensity_cycE,-7.579635952478278e-05,0.0
Intensity_MedianIntensity_CDK4 & Intensity_MedianIntensity_ER & Intensity_MedianIntensity_p21,-0.00024669432292572695,0.0
Intensity_MedianIntensity_CDK4 & Intensity_MedianIntensity_ER & Intensity_MedianIntensity_pRB,0.000271438104597396,0.0
Intensity_MedianIntensity_CDK4 & Intensity_MedianIntensity_ER & pRB_over_RB,-0.000721554489001855,0.0
Intensity_MedianIntensity_CDK4 & Intensity_MedianIntensity_ER & Metadata_well,0.0011395740164359867,0.0
Intensity_MedianIntensity_CDK4 & Intensity_MedianIntensity_Ki67 & Intensity_MedianIntensity_PR,0.00041949354694079246,0.0
Intensity_MedianIntensity_CDK4 & Intensity_MedianIntensity_Ki67 & Intensity_MedianIntensity_RB,0.00034005210768435094,0.0
Intensity_MedianIntensity_CDK4 & Intensity_MedianIntensity_Ki67 & Intensity_MedianIntensity_Skp2,-0.000272637356040217,0.0
Intensity_MedianIntensity_CDK4 & Intensity_MedianIntensity_Ki67 & Intensity_MedianIntensity_cycA,-0.00025634680119621616,0.0
Intensity_MedianIntensity_CDK4 & Intensity_MedianIntensity_Ki67 & Intensity_MedianIntensity_cycB1,0.00018861438554669424,0.0
Intensity_MedianIntensity_CDK4 & Intensity_MedianIntensity_Ki67 & Intensity_MedianIntensity_cycD1,0.0009455973482350949,0.0
Intensity_MedianIntensity_CDK4 & Intensity_MedianIntensity_Ki67 & Intensity_MedianIntensity_cycE,0.0007824065595399821,0.0
Intensity_MedianIntensity_CDK4 & Intensity_MedianIntensity_Ki67 & Intensity_MedianIntensity_p21,-0.00015083937309079673,0.0
Intensity_MedianIntensity_CDK4 & Intensity_MedianIntensity_Ki67 & Intensity_MedianIntensity_pRB,-0.001557843340194215,0.0
Intensity_MedianIntensity_CDK4 & Intensity_MedianIntensity_Ki67 & pRB_over_RB,-0.0016556019630638694,0.0
Intensity_MedianIntensity_CDK4 & Intensity_MedianIntensity_Ki67 & Metadata_well,-0.0002429844241333015,0.0
Intensity_MedianIntensity_CDK4 & Intensity_MedianIntensity_PR & Intensity_MedianIntensity_RB,-0.0005998797402490406,0.0
Intensity_MedianIntensity_CDK4 & Intensity_MedianIntensity_PR & Intensity_MedianIntensity_Skp2,-4.639471014779982e-06,0.0
Intensity_MedianIntensity_CDK4 & Intensity_MedianIntensity_PR & Intensity_MedianIntensity_cycA,0.0003191802292086508,0.0
Intensity_MedianIntensity_CDK4 & Intensity_MedianIntensity_PR & Intensity_MedianIntensity_cycB1,7.039346285803657e-06,0.0
Intensity_MedianIntensity_CDK4 & Intensity_MedianIntensity_PR & Intensity_MedianIntensity_cycD1,-7.908743422136324e-05,0.0
Intensity_MedianIntensity_CDK4 & Intensity_MedianIntensity_PR & Intensity_MedianIntensity_cycE,0.0006323525359042994,0.0
Intensity_MedianIntensity_CDK4 & Intensity_MedianIntensity_PR & Intensity_MedianIntensity_p21,0.00046207994617625617,0.0
Intensity_MedianIntensity_CDK4 & Intensity_MedianIntensity_PR & Intensity_MedianIntensity_pRB,0.0005500310571071428,0.0
Intensity_MedianIntensity_CDK4 & Intensity_MedianIntensity_PR & pRB_over_RB,1.6530393046660993e-05,0.0
Intensity_MedianIntensity_CDK4 & Intensity_MedianIntensity_PR & Metadata_well,0.00025088628420447226,0.0
Intensity_MedianIntensity_CDK4 & Intensity_MedianIntensity_RB & Intensity_MedianIntensity_Skp2,-5.895927634088583e-05,0.0
Intensity_MedianIntensity_CDK4 & Intensity_MedianIntensity_RB & Intensity_MedianIntensity_cycA,-4.0522223131739765e-05,0.0
Intensity_MedianIntensity_CDK4 & Intensity_MedianIntensity_RB & Intensity_MedianIntensity_cycB1,0.00010172328815842818,0.0
Intensity_MedianIntensity_CDK4 & Intensity_MedianIntensity_RB & Intensity_MedianIntensity_cycD1,-0.00037313344872299647,0.0
Intensity_MedianIntensity_CDK4 & Intensity_MedianIntensity_RB & Intensity_MedianIntensity_cycE,-0.0004813527481181812,0.0
Intensity_MedianIntensity_CDK4 & Intensity_MedianIntensity_RB & Intensity_MedianIntensity_p21,0.0006891811819634908,0.0
Intensity_MedianIntensity_CDK4 & Intensity_MedianIntensity_RB & Intensity_MedianIntensity_pRB,0.0008689066864080653,0.0
Intensity_MedianIntensity_CDK4 & Intensity_MedianIntensity_RB & pRB_over_RB,0.0019377633293332017,0.0
Intensity_MedianIntensity_CDK4 & Intensity_MedianIntensity_RB & Metadata_well,0.0006273766557110762,0.0
Intensity_MedianIntensity_CDK4 & Intensity_MedianIntensity_Skp2 & Intensity_MedianIntensity_cycA,8.943630977029529e-05,0.0
Intensity_MedianIntensity_CDK4 & Intensity_MedianIntensity_Skp2 & Intensity_MedianIntensity_cycB1,-0.0003412331232065992,0.0
Intensity_MedianIntensity_CDK4 & Intensity_MedianIntensity_Skp2 & Intensity_MedianIntensity_cycD1,0.0005459762494716185,0.0
Intensity_MedianIntensity_CDK4 & Intensity_MedianIntensity_Skp2 & Intensity_MedianIntensity_cycE,7.359901608499294e-05,0.0
Intensity_MedianIntensity_CDK4 & Intensity_MedianIntensity_Skp2 & Intensity_MedianIntensity_p21,-0.0001900256120404354,0.0
Intensity_MedianIntensity_CDK4 & Intensity_MedianIntensity_Skp2 & Intensity_MedianIntensity_pRB,-0.0009199949236839942,0.0
Intensity_MedianIntensity_CDK4 & Intensity_MedianIntensity_Skp2 & pRB_over_RB,-0.0003128236166966649,0.0
Intensity_MedianIntensity_CDK4 & Intensity_MedianIntensity_Skp2 & Metadata_well,0.0002850704912037771,0.0
Intensity_MedianIntensity_CDK4 & Intensity_MedianIntensity_cycA & Intensity_MedianIntensity_cycB1,0.0007784173803115431,0.0
Intensity_MedianIntensity_CDK4 & Intensity_MedianIntensity_cycA & Intensity_MedianIntensity_cycD1,-0.00028463604663015455,0.0
Intensity_MedianIntensity_CDK4 & Intensity_MedianIntensity_cycA & Intensity_MedianIntensity_cycE,-6.0735781895274764e-05,0.0
Intensity_MedianIntensity_CDK4 & Intensity_MedianIntensity_cycA & Intensity_MedianIntensity_p21,-5.9892993473034906e-05,0.0
Intensity_MedianIntensity_CDK4 & Intensity_MedianIntensity_cycA & Intensity_MedianIntensity_pRB,0.0004487830913624588,0.0
Intensity_MedianIntensity_CDK4 & Intensity_MedianIntensity_cycA & pRB_over_RB,0.0007378447608048847,0.0
Intensity_MedianIntensity_CDK4 & Intensity_MedianIntensity_cycA & Metadata_well,-0.000592428365956408,0.0
Intensity_MedianIntensity_CDK4 & Intensity_MedianIntensity_cycB1 & Intensity_MedianIntensity_cycD1,-0.0002470932374564704,0.0
Intensity_MedianIntensity_CDK4 & Intensity_MedianIntensity_cycB1 & Intensity_MedianIntensity_cycE,0.00035840737023906476,0.0
Intensity_MedianIntensity_CDK4 & Intensity_MedianIntensity_cycB1 & Intensity_MedianIntensity_p21,-4.359969782558158e-05,0.0
Intensity_MedianIntensity_CDK4 & Intensity_MedianIntensity_cycB1 & Intensity_MedianIntensity_pRB,-0.000276575427438235,0.0
Intensity_MedianIntensity_CDK4 & Intensity_MedianIntensity_cycB1 & pRB_over_RB,-0.0005665311574665686,0.0
Intensity_MedianIntensity_CDK4 & Intensity_MedianIntensity_cycB1 & Metadata_well,-0.0004231423107931893,0.0
Intensity_MedianIntensity_CDK4 & Intensity_MedianIntensity_cycD1 & Intensity_MedianIntensity_cycE,-0.00042962363755303946,0.0
Intensity_MedianIntensity_CDK4 & Intensity_MedianIntensity_cycD1 & Intensity_MedianIntensity_p21,4.3725469951379115e-07,0.0
Intensity_MedianIntensity_CDK4 & Intensity_MedianIntensity_cycD1 & Intensity_MedianIntensity_pRB,-0.0008318303492384006,0.0
Intensity_MedianIntensity_CDK4 & Intensity_MedianIntensity_cycD1 & pRB_over_RB,4.70457496139524e-05,0.0
Intensity_MedianIntensity_CDK4 & Intensity_MedianIntensity_cycD1 & Metadata_well,-0.00020097715907606032,0.0
Intensity_MedianIntensity_CDK4 & Intensity_MedianIntensity_cycE & Intensity_MedianIntensity_p21,8.614167611423094e-07,0.0
Intensity_MedianIntensity_CDK4 & Intensity_MedianIntensity_cycE & Intensity_MedianIntensity_pRB,-0.0005667972923376409,0.0
Intensity_MedianIntensity_CDK4 & Intensity_MedianIntensity_cycE & pRB_over_RB,-0.0009023395134228392,0.0
Intensity_MedianIntensity_CDK4 & Intensity_MedianIntensity_cycE & Metadata_well,0.0002453351714189585,0.0
Intensity_MedianIntensity_CDK4 & Intensity_MedianIntensity_p21 & Intensity_MedianIntensity_pRB,0.0006003095335452344,0.0
Intensity_MedianIntensity_CDK4 & Intensity_MedianIntensity_p21 & pRB_over_RB,-0.0003166508297648791,0.0
Intensity_MedianIntensity_CDK4 & Intensity_MedianIntensity_p21 & Metadata_well,0.00021270964607870413,0.0
Intensity_MedianIntensity_CDK4 & Intensity_MedianIntensity_pRB & pRB_over_RB,0.0010101104416532858,0.0
Intensity_MedianIntensity_CDK4 & Intensity_MedianIntensity_pRB & Metadata_well,-5.105716771390062e-05,0.0
Intensity_MedianIntensity_CDK4 & pRB_over_RB & Metadata_well,0.0001594999773616338,0.0
Intensity_MedianIntensity_CDK6 & Intensity_MedianIntensity_Cdh1 & Intensity_MedianIntensity_Cdt1,0.0002745855102175789,0.0
Intensity_MedianIntensity_CDK6 & Intensity_MedianIntensity_Cdh1 & Intensity_MedianIntensity_E2F1,-0.00016991446140049684,0.0
Intensity_MedianIntensity_CDK6 & Intensity_MedianIntensity_Cdh1 & Intensity_MedianIntensity_ER,0.0004822245213445002,0.0
Intensity_MedianIntensity_CDK6 & Intensity_MedianIntensity_Cdh1 & Intensity_MedianIntensity_Ki67,0.0004809271609747585,0.0
Intensity_MedianIntensity_CDK6 & Intensity_MedianIntensity_Cdh1 & Intensity_MedianIntensity_PR,-7.32327431863017e-05,0.0
Intensity_MedianIntensity_CDK6 & Intensity_MedianIntensity_Cdh1 & Intensity_MedianIntensity_RB,-1.6479889705458395e-05,0.0
Intensity_MedianIntensity_CDK6 & Intensity_MedianIntensity_Cdh1 & Intensity_MedianIntensity_Skp2,-0.0009643789081537221,0.0
Intensity_MedianIntensity_CDK6 & Intensity_MedianIntensity_Cdh1 & Intensity_MedianIntensity_cycA,0.0006997816049737775,0.0
Intensity_MedianIntensity_CDK6 & Intensity_MedianIntensity_Cdh1 & Intensity_MedianIntensity_cycB1,0.0008679674306586006,0.0
Intensity_MedianIntensity_CDK6 & Intensity_MedianIntensity_Cdh1 & Intensity_MedianIntensity_cycD1,0.0002872220156381689,0.0
Intensity_MedianIntensity_CDK6 & Intensity_MedianIntensity_Cdh1 & Intensity_MedianIntensity_cycE,0.0003996016566141676,0.0
Intensity_MedianIntensity_CDK6 & Intensity_MedianIntensity_Cdh1 & Intensity_MedianIntensity_p21,0.00056993072079847,0.0
Intensity_MedianIntensity_CDK6 & Intensity_MedianIntensity_Cdh1 & Intensity_MedianIntensity_pRB,0.0010318628335961814,0.0
Intensity_MedianIntensity_CDK6 & Intensity_MedianIntensity_Cdh1 & pRB_over_RB,-0.0013144387921507146,0.0
Intensity_MedianIntensity_CDK6 & Intensity_MedianIntensity_Cdh1 & Metadata_well,-0.0005367292810449538,0.0
Intensity_MedianIntensity_CDK6 & Intensity_MedianIntensity_Cdt1 & Intensity_MedianIntensity_E2F1,0.0001171322745230965,0.0
Intensity_MedianIntensity_CDK6 & Intensity_MedianIntensity_Cdt1 & Intensity_MedianIntensity_ER,-0.00017268828760265238,0.0
Intensity_MedianIntensity_CDK6 & Intensity_MedianIntensity_Cdt1 & Intensity_MedianIntensity_Ki67,8.43862206570575e-05,0.0
Intensity_MedianIntensity_CDK6 & Intensity_MedianIntensity_Cdt1 & Intensity_MedianIntensity_PR,0.0005571081304246728,0.0
Intensity_MedianIntensity_CDK6 & Intensity_MedianIntensity_Cdt1 & Intensity_MedianIntensity_RB,0.0003222372987431451,0.0
Intensity_MedianIntensity_CDK6 & Intensity_MedianIntensity_Cdt1 & Intensity_MedianIntensity_Skp2,0.00012983896671359084,0.0
Intensity_MedianIntensity_CDK6 & Intensity_MedianIntensity_Cdt1 & Intensity_MedianIntensity_cycA,-0.0004628875010449223,0.0
Intensity_MedianIntensity_CDK6 & Intensity_MedianIntensity_Cdt1 & Intensity_MedianIntensity_cycB1,-0.0001898528827575633,0.0
Intensity_MedianIntensity_CDK6 & Intensity_MedianIntensity_Cdt1 & Intensity_MedianIntensity_cycD1,-3.0092351380638815e-05,0.0
Intensity_MedianIntensity_CDK6 & Intensity_MedianIntensity_Cdt1 & Intensity_MedianIntensity_cycE,0.0005806867382702535,0.0
Intensity_MedianIntensity_CDK6 & Intensity_MedianIntensity_Cdt1 & Intensity_MedianIntensity_p21,-0.00041883050360318614,0.0
Intensity_MedianIntensity_CDK6 & Intensity_MedianIntensity_Cdt1 & Intensity_MedianIntensity_pRB,0.0002802319958633484,0.0
Intensity_MedianIntensity_CDK6 & Intensity_MedianIntensity_Cdt1 & pRB_over_RB,-0.00048202797922729327,0.0
Intensity_MedianIntensity_CDK6 & Intensity_MedianIntensity_Cdt1 & Metadata_well,0.00022660597483462944,0.0
Intensity_MedianIntensity_CDK6 & Intensity_MedianIntensity_E2F1 & Intensity_MedianIntensity_ER,0.0006714353432535009,0.0
Intensity_MedianIntensity_CDK6 & Intensity_MedianIntensity_E2F1 & Intensity_MedianIntensity_Ki67,0.00033318803728848664,0.0
Intensity_MedianIntensity_CDK6 & Intensity_MedianIntensity_E2F1 & Intensity_MedianIntensity_PR,-0.0007110344947643711,0.0
Intensity_MedianIntensity_CDK6 & Intensity_MedianIntensity_E2F1 & Intensity_MedianIntensity_RB,0.0005098069685264887,0.0
Intensity_MedianIntensity_CDK6 & Intensity_MedianIntensity_E2F1 & Intensity_MedianIntensity_Skp2,-1.1485157305789047e-05,0.0
Intensity_MedianIntensity_CDK6 & Intensity_MedianIntensity_E2F1 & Intensity_MedianIntensity_cycA,0.00023989025450815206,0.0
Intensity_MedianIntensity_CDK6 & Intensity_MedianIntensity_E2F1 & Intensity_MedianIntensity_cycB1,0.0010031080241534945,0.0
Intensity_MedianIntensity_CDK6 & Intensity_MedianIntensity_E2F1 & Intensity_MedianIntensity_cycD1,-0.0003088528736261561,0.0
Intensity_MedianIntensity_CDK6 & Intensity_MedianIntensity_E2F1 & Intensity_MedianIntensity_cycE,0.00018445285164739165,0.0
Intensity_MedianIntensity_CDK6 & Intensity_MedianIntensity_E2F1 & Intensity_MedianIntensity_p21,-0.00046411661872675965,0.0
Intensity_MedianIntensity_CDK6 & Intensity_MedianIntensity_E2F1 & Intensity_MedianIntensity_pRB,-9.866539502769924e-05,0.0
Intensity_MedianIntensity_CDK6 & Intensity_MedianIntensity_E2F1 & pRB_over_RB,-0.0006613551022545267,0.0
Intensity_MedianIntensity_CDK6 & Intensity_MedianIntensity_E2F1 & Metadata_well,-0.00022481000363407672,0.0
Intensity_MedianIntensity_CDK6 & Intensity_MedianIntensity_ER & Intensity_MedianIntensity_Ki67,-8.530706082411677e-05,0.0
Intensity_MedianIntensity_CDK6 & Intensity_MedianIntensity_ER & Intensity_MedianIntensity_PR,-0.0007220715779466845,0.0
Intensity_MedianIntensity_CDK6 & Intensity_MedianIntensity_ER & Intensity_MedianIntensity_RB,-0.0004703809820494359,0.0
Intensity_MedianIntensity_CDK6 & Intensity_MedianIntensity_ER & Intensity_MedianIntensity_Skp2,0.0005789558051512433,0.0
Intensity_MedianIntensity_CDK6 & Intensity_MedianIntensity_ER & Intensity_MedianIntensity_cycA,0.0001578709887870687,0.0
Intensity_MedianIntensity_CDK6 & Intensity_MedianIntensity_ER & Intensity_MedianIntensity_cycB1,-0.00021727737343082244,0.0
Intensity_MedianIntensity_CDK6 & Intensity_MedianIntensity_ER & Intensity_MedianIntensity_cycD1,0.00023286580767642594,0.0
Intensity_MedianIntensity_CDK6 & Intensity_MedianIntensity_ER & Intensity_MedianIntensity_cycE,-7.108865199112469e-05,0.0
Intensity_MedianIntensity_CDK6 & Intensity_MedianIntensity_ER & Intensity_MedianIntensity_p21,-0.00044465880830417474,0.0
Intensity_MedianIntensity_CDK6 & Intensity_MedianIntensity_ER & Intensity_MedianIntensity_pRB,0.00030647222616441355,0.0
Intensity_MedianIntensity_CDK6 & Intensity_MedianIntensity_ER & pRB_over_RB,0.00041486897587501636,0.0
Intensity_MedianIntensity_CDK6 & Intensity_MedianIntensity_ER & Metadata_well,-0.00032537742011932427,0.0
Intensity_MedianIntensity_CDK6 & Intensity_MedianIntensity_Ki67 & Intensity_MedianIntensity_PR,0.0002181383681690576,0.0
Intensity_MedianIntensity_CDK6 & Intensity_MedianIntensity_Ki67 & Intensity_MedianIntensity_RB,0.0010414205227456154,0.0
Intensity_MedianIntensity_CDK6 & Intensity_MedianIntensity_Ki67 & Intensity_MedianIntensity_Skp2,-0.0002908132328025146,0.0
Intensity_MedianIntensity_CDK6 & Intensity_MedianIntensity_Ki67 & Intensity_MedianIntensity_cycA,-0.00041047341150961524,0.0
Intensity_MedianIntensity_CDK6 & Intensity_MedianIntensity_Ki67 & Intensity_MedianIntensity_cycB1,6.9154655514738e-07,0.0
Intensity_MedianIntensity_CDK6 & Intensity_MedianIntensity_Ki67 & Intensity_MedianIntensity_cycD1,-0.0003662419542466218,0.0
Intensity_MedianIntensity_CDK6 & Intensity_MedianIntensity_Ki67 & Intensity_MedianIntensity_cycE,0.0003771251702221812,0.0
Intensity_MedianIntensity_CDK6 & Intensity_MedianIntensity_Ki67 & Intensity_MedianIntensity_p21,-0.00045957610174094304,0.0
Intensity_MedianIntensity_CDK6 & Intensity_MedianIntensity_Ki67 & Intensity_MedianIntensity_pRB,-0.000410560659024757,0.0
Intensity_MedianIntensity_CDK6 & Intensity_MedianIntensity_Ki67 & pRB_over_RB,-0.0007647311906966771,0.0
Intensity_MedianIntensity_CDK6 & Intensity_MedianIntensity_Ki67 & Metadata_well,0.00010392844731087896,0.0
Intensity_MedianIntensity_CDK6 & Intensity_MedianIntensity_PR & Intensity_MedianIntensity_RB,-0.0013519497200520799,0.0
Intensity_MedianIntensity_CDK6 & Intensity_MedianIntensity_PR & Intensity_MedianIntensity_Skp2,0.0006295773050377383,0.0
Intensity_MedianIntensity_CDK6 & Intensity_MedianIntensity_PR & Intensity_MedianIntensity_cycA,-1.1633052413999937e-05,0.0
Intensity_MedianIntensity_CDK6 & Intensity_MedianIntensity_PR & Intensity_MedianIntensity_cycB1,0.00026238449818983883,0.0
Intensity_MedianIntensity_CDK6 & Intensity_MedianIntensity_PR & Intensity_MedianIntensity_cycD1,0.0003460237289230864,0.0
Intensity_MedianIntensity_CDK6 & Intensity_MedianIntensity_PR & Intensity_MedianIntensity_cycE,0.0004600517906400534,0.0
Intensity_MedianIntensity_CDK6 & Intensity_MedianIntensity_PR & Intensity_MedianIntensity_p21,0.00020980280263668605,0.0
Intensity_MedianIntensity_CDK6 & Intensity_MedianIntensity_PR & Intensity_MedianIntensity_pRB,0.0004792068512446045,0.0
Intensity_MedianIntensity_CDK6 & Intensity_MedianIntensity_PR & pRB_over_RB,-0.0005414943278395762,0.0
Intensity_MedianIntensity_CDK6 & Intensity_MedianIntensity_PR & Metadata_well,-6.359558334756191e-05,0.0
Intensity_MedianIntensity_CDK6 & Intensity_MedianIntensity_RB & Intensity_MedianIntensity_Skp2,0.00024903861731967756,0.0
Intensity_MedianIntensity_CDK6 & Intensity_MedianIntensity_RB & Intensity_MedianIntensity_cycA,-0.0002463052655541754,0.0
Intensity_MedianIntensity_CDK6 & Intensity_MedianIntensity_RB & Intensity_MedianIntensity_cycB1,-0.00030752001594621677,0.0
Intensity_MedianIntensity_CDK6 & Intensity_MedianIntensity_RB & Intensity_MedianIntensity_cycD1,0.0006971351139130544,0.0
Intensity_MedianIntensity_CDK6 & Intensity_MedianIntensity_RB & Intensity_MedianIntensity_cycE,-0.0008297924287549646,0.0
Intensity_MedianIntensity_CDK6 & Intensity_MedianIntensity_RB & Intensity_MedianIntensity_p21,-0.0005031572708817758,0.0
Intensity_MedianIntensity_CDK6 & Intensity_MedianIntensity_RB & Intensity_MedianIntensity_pRB,0.00035616105024804446,0.0
Intensity_MedianIntensity_CDK6 & Intensity_MedianIntensity_RB & pRB_over_RB,0.0018279384601724727,0.0
Intensity_MedianIntensity_CDK6 & Intensity_MedianIntensity_RB & Metadata_well,0.0007756364055190242,0.0
Intensity_MedianIntensity_CDK6 & Intensity_MedianIntensity_Skp2 & Intensity_MedianIntensity_cycA,-0.00010191037502336458,0.0
Intensity_MedianIntensity_CDK6 & Intensity_MedianIntensity_Skp2 & Intensity_MedianIntensity_cycB1,-0.00011193114230872642,0.0
Intensity_MedianIntensity_CDK6 & Intensity_MedianIntensity_Skp2 & Intensity_MedianIntensity_cycD1,-0.0005039292593633935,0.0
Intensity_MedianIntensity_CDK6 & Intensity_MedianIntensity_Skp2 & Intensity_MedianIntensity_cycE,0.00016793165890866574,0.0
Intensity_MedianIntensity_CDK6 & Intensity_MedianIntensity_Skp2 & Intensity_MedianIntensity_p21,0.0006086129705224062,0.0
Intensity_MedianIntensity_CDK6 & Intensity_MedianIntensity_Skp2 & Intensity_MedianIntensity_pRB,-0.0001788422869481506,0.0
Intensity_MedianIntensity_CDK6 & Intensity_MedianIntensity_Skp2 & pRB_over_RB,0.00015438593279385888,0.0
Intensity_MedianIntensity_CDK6 & Intensity_MedianIntensity_Skp2 & Metadata_well,0.00012994541524708275,0.0
Intensity_MedianIntensity_CDK6 & Intensity_MedianIntensity_cycA & Intensity_MedianIntensity_cycB1,-5.4836301868188325e-05,0.0
Intensity_MedianIntensity_CDK6 & Intensity_MedianIntensity_cycA & Intensity_MedianIntensity_cycD1,-7.158782287643929e-05,0.0
Intensity_MedianIntensity_CDK6 & Intensity_MedianIntensity_cycA & Intensity_MedianIntensity_cycE,-0.00039260935382719214,0.0
Intensity_MedianIntensity_CDK6 & Intensity_MedianIntensity_cycA & Intensity_MedianIntensity_p21,0.0009754046823451944,0.0
Intensity_MedianIntensity_CDK6 & Intensity_MedianIntensity_cycA & Intensity_MedianIntensity_pRB,-0.0009396994436330629,0.0
Intensity_MedianIntensity_CDK6 & Intensity_MedianIntensity_cycA & pRB_over_RB,-0.0008782540438684638,0.0
Intensity_MedianIntensity_CDK6 & Intensity_MedianIntensity_cycA & Metadata_well,-3.971118768390008e-05,0.0
Intensity_MedianIntensity_CDK6 & Intensity_MedianIntensity_cycB1 & Intensity_MedianIntensity_cycD1,-7.88059377708016e-05,0.0
Intensity_MedianIntensity_CDK6 & Intensity_MedianIntensity_cycB1 & Intensity_MedianIntensity_cycE,-0.0009184811753554293,0.0
Intensity_MedianIntensity_CDK6 & Intensity_MedianIntensity_cycB1 & Intensity_MedianIntensity_p21,-0.0009348038121718635,0.0
Intensity_MedianIntensity_CDK6 & Intensity_MedianIntensity_cycB1 & Intensity_MedianIntensity_pRB,0.0007773481436341665,0.0
Intensity_MedianIntensity_CDK6 & Intensity_MedianIntensity_cycB1 & pRB_over_RB,0.0009461546968510048,0.0
Intensity_MedianIntensity_CDK6 & Intensity_MedianIntensity_cycB1 & Metadata_well,0.00034712480546000314,0.0
Intensity_MedianIntensity_CDK6 & Intensity_MedianIntensity_cycD1 & Intensity_MedianIntensity_cycE,0.00037146220910503047,0.0
Intensity_MedianIntensity_CDK6 & Intensity_MedianIntensity_cycD1 & Intensity_MedianIntensity_p21,-0.0003764277505373643,0.0
Intensity_MedianIntensity_CDK6 & Intensity_MedianIntensity_cycD1 & Intensity_MedianIntensity_pRB,-0.0013166646990627826,0.0
Intensity_MedianIntensity_CDK6 & Intensity_MedianIntensity_cycD1 & pRB_over_RB,0.0002552517120271526,0.0
Intensity_MedianIntensity_CDK6 & Intensity_MedianIntensity_cycD1 & Metadata_well,-0.0002888299562857042,0.0
Intensity_MedianIntensity_CDK6 & Intensity_MedianIntensity_cycE & Intensity_MedianIntensity_p21,0.0003419424383823424,0.0
Intensity_MedianIntensity_CDK6 & Intensity_MedianIntensity_cycE & Intensity_MedianIntensity_pRB,-0.0004276779195614383,0.0
Intensity_MedianIntensity_CDK6 & Intensity_MedianIntensity_cycE & pRB_over_RB,-0.0009527783665658761,0.0
Intensity_MedianIntensity_CDK6 & Intensity_MedianIntensity_cycE & Metadata_well,0.0001825254064242485,0.0
Intensity_MedianIntensity_CDK6 & Intensity_MedianIntensity_p21 & Intensity_MedianIntensity_pRB,0.0002894681175875738,0.0
Intensity_MedianIntensity_CDK6 & Intensity_MedianIntensity_p21 & pRB_over_RB,0.0002933007873161924,0.0
Intensity_MedianIntensity_CDK6 & Intensity_MedianIntensity_p21 & Metadata_well,0.0001703081439358543,0.0
Intensity_MedianIntensity_CDK6 & Intensity_MedianIntensity_pRB & pRB_over_RB,0.002748219749622024,0.0
Intensity_MedianIntensity_CDK6 & Intensity_MedianIntensity_pRB & Metadata_well,0.00013328335624948823,0.0
Intensity_MedianIntensity_CDK6 & pRB_over_RB & Metadata_well,0.00045097522711486044,0.0
Intensity_MedianIntensity_Cdh1 & Intensity_MedianIntensity_Cdt1 & Intensity_MedianIntensity_E2F1,0.000117619117284696,0.0
Intensity_MedianIntensity_Cdh1 & Intensity_MedianIntensity_Cdt1 & Intensity_MedianIntensity_ER,-0.0001319434887842618,0.0
Intensity_MedianIntensity_Cdh1 & Intensity_MedianIntensity_Cdt1 & Intensity_MedianIntensity_Ki67,0.00044180497214741,0.0
Intensity_MedianIntensity_Cdh1 & Intensity_MedianIntensity_Cdt1 & Intensity_MedianIntensity_PR,0.0009120742627069004,0.0
Intensity_MedianIntensity_Cdh1 & Intensity_MedianIntensity_Cdt1 & Intensity_MedianIntensity_RB,0.000127094118292553,0.0
Intensity_MedianIntensity_Cdh1 & Intensity_MedianIntensity_Cdt1 & Intensity_MedianIntensity_Skp2,0.0002860888101130616,0.0
Intensity_MedianIntensity_Cdh1 & Intensity_MedianIntensity_Cdt1 & Intensity_MedianIntensity_cycA,0.00035728366065646857,0.0
Intensity_MedianIntensity_Cdh1 & Intensity_MedianIntensity_Cdt1 & Intensity_MedianIntensity_cycB1,-0.00023685364542126364,0.0
Intensity_MedianIntensity_Cdh1 & Intensity_MedianIntensity_Cdt1 & Intensity_MedianIntensity_cycD1,2.3024527642520732e-05,0.0
Intensity_MedianIntensity_Cdh1 & Intensity_MedianIntensity_Cdt1 & Intensity_MedianIntensity_cycE,-0.00044640552868192244,0.0
Intensity_MedianIntensity_Cdh1 & Intensity_MedianIntensity_Cdt1 & Intensity_MedianIntensity_p21,-0.0007104605868442981,0.0
Intensity_MedianIntensity_Cdh1 & Intensity_MedianIntensity_Cdt1 & Intensity_MedianIntensity_pRB,-0.0004901885349450715,0.0
Intensity_MedianIntensity_Cdh1 & Intensity_MedianIntensity_Cdt1 & pRB_over_RB,0.0007379573492905633,0.0
Intensity_MedianIntensity_Cdh1 & Intensity_MedianIntensity_Cdt1 & Metadata_well,-0.00044811682925474964,0.0
Intensity_MedianIntensity_Cdh1 & Intensity_MedianIntensity_E2F1 & Intensity_MedianIntensity_ER,-0.00020355073724699348,0.0
Intensity_MedianIntensity_Cdh1 & Intensity_MedianIntensity_E2F1 & Intensity_MedianIntensity_Ki67,0.00012581705642107345,0.0
Intensity_MedianIntensity_Cdh1 & Intensity_MedianIntensity_E2F1 & Intensity_MedianIntensity_PR,0.0007915994055749397,0.0
Intensity_MedianIntensity_Cdh1 & Intensity_MedianIntensity_E2F1 & Intensity_MedianIntensity_RB,0.0008533758965553776,0.0
Intensity_MedianIntensity_Cdh1 & Intensity_MedianIntensity_E2F1 & Intensity_MedianIntensity_Skp2,-0.00015035131260382912,0.0
Intensity_MedianIntensity_Cdh1 & Intensity_MedianIntensity_E2F1 & Intensity_MedianIntensity_cycA,-0.00047949348224779015,0.0
Intensity_MedianIntensity_Cdh1 & Intensity_MedianIntensity_E2F1 & Intensity_MedianIntensity_cycB1,-0.000381562545456517,0.0
Intensity_MedianIntensity_Cdh1 & Intensity_MedianIntensity_E2F1 & Intensity_MedianIntensity_cycD1,0.00010994406110086623,0.0
Intensity_MedianIntensity_Cdh1 & Intensity_MedianIntensity_E2F1 & Intensity_MedianIntensity_cycE,-0.00013396130814418672,0.0
Intensity_MedianIntensity_Cdh1 & Intensity_MedianIntensity_E2F1 & Intensity_MedianIntensity_p21,0.0002914820212776657,0.0
Intensity_MedianIntensity_Cdh1 & Intensity_MedianIntensity_E2F1 & Intensity_MedianIntensity_pRB,-0.00026688788307418235,0.0
Intensity_MedianIntensity_Cdh1 & Intensity_MedianIntensity_E2F1 & pRB_over_RB,-0.0011241697952327702,0.0
Intensity_MedianIntensity_Cdh1 & Intensity_MedianIntensity_E2F1 & Metadata_well,8.541655964062087e-05,0.0
Intensity_MedianIntensity_Cdh1 & Intensity_MedianIntensity_ER & Intensity_MedianIntensity_Ki67,0.00038817543124743315,0.0
Intensity_MedianIntensity_Cdh1 & Intensity_MedianIntensity_ER & Intensity_MedianIntensity_PR,-7.957360398442216e-05,0.0
Intensity_MedianIntensity_Cdh1 & Intensity_MedianIntensity_ER & Intensity_MedianIntensity_RB,-0.00012284052930024711,0.0
Intensity_MedianIntensity_Cdh1 & Intensity_MedianIntensity_ER & Intensity_MedianIntensity_Skp2,-5.9636022841408665e-05,0.0
Intensity_MedianIntensity_Cdh1 & Intensity_MedianIntensity_ER & Intensity_MedianIntensity_cycA,-6.042078316584086e-05,0.0
Intensity_MedianIntensity_Cdh1 & Intensity_MedianIntensity_ER & Intensity_MedianIntensity_cycB1,0.0002542767633524299,0.0
Intensity_MedianIntensity_Cdh1 & Intensity_MedianIntensity_ER & Intensity_MedianIntensity_cycD1,-7.23590830380304e-05,0.0
Intensity_MedianIntensity_Cdh1 & Intensity_MedianIntensity_ER & Intensity_MedianIntensity_cycE,1.4048356402993355e-05,0.0
Intensity_MedianIntensity_Cdh1 & Intensity_MedianIntensity_ER & Intensity_MedianIntensity_p21,-0.000385359159848452,0.0
Intensity_MedianIntensity_Cdh1 & Intensity_MedianIntensity_ER & Intensity_MedianIntensity_pRB,-0.0003249964688517797,0.0
Intensity_MedianIntensity_Cdh1 & Intensity_MedianIntensity_ER & pRB_over_RB,0.00025355084337078094,0.0
Intensity_MedianIntensity_Cdh1 & Intensity_MedianIntensity_ER & Metadata_well,0.0004407779579539741,0.0
Intensity_MedianIntensity_Cdh1 & Intensity_MedianIntensity_Ki67 & Intensity_MedianIntensity_PR,-0.0003628763969978457,0.0
Intensity_MedianIntensity_Cdh1 & Intensity_MedianIntensity_Ki67 & Intensity_MedianIntensity_RB,0.00022254055408452877,0.0
Intensity_MedianIntensity_Cdh1 & Intensity_MedianIntensity_Ki67 & Intensity_MedianIntensity_Skp2,0.0005999518696009884,0.0
Intensity_MedianIntensity_Cdh1 & Intensity_MedianIntensity_Ki67 & Intensity_MedianIntensity_cycA,-9.735548810784424e-05,0.0
Intensity_MedianIntensity_Cdh1 & Intensity_MedianIntensity_Ki67 & Intensity_MedianIntensity_cycB1,0.00012365803369662382,0.0
Intensity_MedianIntensity_Cdh1 & Intensity_MedianIntensity_Ki67 & Intensity_MedianIntensity_cycD1,9.053155199577296e-05,0.0
Intensity_MedianIntensity_Cdh1 & Intensity_MedianIntensity_Ki67 & Intensity_MedianIntensity_cycE,-0.0005386818039934649,0.0
Intensity_MedianIntensity_Cdh1 & Intensity_MedianIntensity_Ki67 & Intensity_MedianIntensity_p21,0.0007694046937814426,0.0
Intensity_MedianIntensity_Cdh1 & Intensity_MedianIntensity_Ki67 & Intensity_MedianIntensity_pRB,-0.00029880296867255843,0.0
Intensity_MedianIntensity_Cdh1 & Intensity_MedianIntensity_Ki67 & pRB_over_RB,-0.000585812454769728,0.0
Intensity_MedianIntensity_Cdh1 & Intensity_MedianIntensity_Ki67 & Metadata_well,2.9234715289229728e-05,0.0
Intensity_MedianIntensity_Cdh1 & Intensity_MedianIntensity_PR & Intensity_MedianIntensity_RB,-0.00017461165449198245,0.0
Intensity_MedianIntensity_Cdh1 & Intensity_MedianIntensity_PR & Intensity_MedianIntensity_Skp2,-0.00036796207941170394,0.0
Intensity_MedianIntensity_Cdh1 & Intensity_MedianIntensity_PR & Intensity_MedianIntensity_cycA,9.423005631449e-05,0.0
Intensity_MedianIntensity_Cdh1 & Intensity_MedianIntensity_PR & Intensity_MedianIntensity_cycB1,-0.0001937723862606768,0.0
Intensity_MedianIntensity_Cdh1 & Intensity_MedianIntensity_PR & Intensity_MedianIntensity_cycD1,-0.00030783891999175086,0.0
Intensity_MedianIntensity_Cdh1 & Intensity_MedianIntensity_PR & Intensity_MedianIntensity_cycE,0.000505567646276871,0.0
Intensity_MedianIntensity_Cdh1 & Intensity_MedianIntensity_PR & Intensity_MedianIntensity_p21,0.00019521386699143523,0.0
Intensity_MedianIntensity_Cdh1 & Intensity_MedianIntensity_PR & Intensity_MedianIntensity_pRB,3.9905461710151175e-05,0.0
Intensity_MedianIntensity_Cdh1 & Intensity_MedianIntensity_PR & pRB_over_RB,0.0001354913448388138,0.0
Intensity_MedianIntensity_Cdh1 & Intensity_MedianIntensity_PR & Metadata_well,-0.00014881047099760957,0.0
Intensity_MedianIntensity_Cdh1 & Intensity_MedianIntensity_RB & Intensity_MedianIntensity_Skp2,-0.0004394472124070255,0.0
Intensity_MedianIntensity_Cdh1 & Intensity_MedianIntensity_RB & Intensity_MedianIntensity_cycA,0.0006039794354465645,0.0
Intensity_MedianIntensity_Cdh1 & Intensity_MedianIntensity_RB & Intensity_MedianIntensity_cycB1,-0.0006377254012300394,0.0
Intensity_MedianIntensity_Cdh1 & Intensity_MedianIntensity_RB & Intensity_MedianIntensity_cycD1,0.0005005052295474123,0.0
Intensity_MedianIntensity_Cdh1 & Intensity_MedianIntensity_RB & Intensity_MedianIntensity_cycE,0.00031610354717548985,0.0
Intensity_MedianIntensity_Cdh1 & Intensity_MedianIntensity_RB & Intensity_MedianIntensity_p21,0.0004678881768131763,0.0
Intensity_MedianIntensity_Cdh1 & Intensity_MedianIntensity_RB & Intensity_MedianIntensity_pRB,-0.0006542231889626972,0.0
Intensity_MedianIntensity_Cdh1 & Intensity_MedianIntensity_RB & pRB_over_RB,0.0018222435355848723,0.0
Intensity_MedianIntensity_Cdh1 & Intensity_MedianIntensity_RB & Metadata_well,-6.225227227280842e-05,0.0
Intensity_MedianIntensity_Cdh1 & Intensity_MedianIntensity_Skp2 & Intensity_MedianIntensity_cycA,0.00121522100213391,0.0
Intensity_MedianIntensity_Cdh1 & Intensity_MedianIntensity_Skp2 & Intensity_MedianIntensity_cycB1,0.0008533427279736228,0.0
Intensity_MedianIntensity_Cdh1 & Intensity_MedianIntensity_Skp2 & Intensity_MedianIntensity_cycD1,-0.0001115617452113144,0.0
Intensity_MedianIntensity_Cdh1 & Intensity_MedianIntensity_Skp2 & Intensity_MedianIntensity_cycE,-0.0003953315818533658,0.0
Intensity_MedianIntensity_Cdh1 & Intensity_MedianIntensity_Skp2 & Intensity_MedianIntensity_p21,-0.0005739900436619147,0.0
Intensity_MedianIntensity_Cdh1 & Intensity_MedianIntensity_Skp2 & Intensity_MedianIntensity_pRB,-0.00013361349614168138,0.0
Intensity_MedianIntensity_Cdh1 & Intensity_MedianIntensity_Skp2 & pRB_over_RB,6.445005469114179e-05,0.0
Intensity_MedianIntensity_Cdh1 & Intensity_MedianIntensity_Skp2 & Metadata_well,9.834996485098455e-05,0.0
Intensity_MedianIntensity_Cdh1 & Intensity_MedianIntensity_cycA & Intensity_MedianIntensity_cycB1,-0.00013317783666276395,0.0
Intensity_MedianIntensity_Cdh1 & Intensity_MedianIntensity_cycA & Intensity_MedianIntensity_cycD1,-0.0001760211552233469,0.0
Intensity_MedianIntensity_Cdh1 & Intensity_MedianIntensity_cycA & Intensity_MedianIntensity_cycE,-0.00018797050443737374,0.0
Intensity_MedianIntensity_Cdh1 & Intensity_MedianIntensity_cycA & Intensity_MedianIntensity_p21,-0.0009940516613617032,0.0
Intensity_MedianIntensity_Cdh1 & Intensity_MedianIntensity_cycA & Intensity_MedianIntensity_pRB,0.0006928629716671334,0.0
Intensity_MedianIntensity_Cdh1 & Intensity_MedianIntensity_cycA & pRB_over_RB,-0.0008212799665566589,0.0
Intensity_MedianIntensity_Cdh1 & Intensity_MedianIntensity_cycA & Metadata_well,5.1703755205275705e-05,0.0
Intensity_MedianIntensity_Cdh1 & Intensity_MedianIntensity_cycB1 & Intensity_MedianIntensity_cycD1,0.00016869516375019503,0.0
Intensity_MedianIntensity_Cdh1 & Intensity_MedianIntensity_cycB1 & Intensity_MedianIntensity_cycE,-0.0003492407897633558,0.0
Intensity_MedianIntensity_Cdh1 & Intensity_MedianIntensity_cycB1 & Intensity_MedianIntensity_p21,1.816806569686866e-05,0.0
Intensity_MedianIntensity_Cdh1 & Intensity_MedianIntensity_cycB1 & Intensity_MedianIntensity_pRB,0.0002357094062721186,0.0
Intensity_MedianIntensity_Cdh1 & Intensity_MedianIntensity_cycB1 & pRB_over_RB,-0.0004494425274417509,0.0
Intensity_MedianIntensity_Cdh1 & Intensity_MedianIntensity_cycB1 & Metadata_well,0.00022312036612252283,0.0
Intensity_MedianIntensity_Cdh1 & Intensity_MedianIntensity_cycD1 & Intensity_MedianIntensity_cycE,0.0002575684108441659,0.0
Intensity_MedianIntensity_Cdh1 & Intensity_MedianIntensity_cycD1 & Intensity_MedianIntensity_p21,-0.00012306749999272822,0.0
Intensity_MedianIntensity_Cdh1 & Intensity_MedianIntensity_cycD1 & Intensity_MedianIntensity_pRB,-0.0007836730249042691,0.0
Intensity_MedianIntensity_Cdh1 & Intensity_MedianIntensity_cycD1 & pRB_over_RB,-0.0008706157847583363,0.0
Intensity_MedianIntensity_Cdh1 & Intensity_MedianIntensity_cycD1 & Metadata_well,0.00022184942345178458,0.0
Intensity_MedianIntensity_Cdh1 & Intensity_MedianIntensity_cycE & Intensity_MedianIntensity_p21,-0.0005359973087806348,0.0
Intensity_MedianIntensity_Cdh1 & Intensity_MedianIntensity_cycE & Intensity_MedianIntensity_pRB,0.00020137847679101544,0.0
Intensity_MedianIntensity_Cdh1 & Intensity_MedianIntensity_cycE & pRB_over_RB,0.0009138884088982861,0.0
Intensity_MedianIntensity_Cdh1 & Intensity_MedianIntensity_cycE & Metadata_well,7.882553932045865e-05,0.0
Intensity_MedianIntensity_Cdh1 & Intensity_MedianIntensity_p21 & Intensity_MedianIntensity_pRB,-0.00032764439625928524,0.0
Intensity_MedianIntensity_Cdh1 & Intensity_MedianIntensity_p21 & pRB_over_RB,0.00039854864190484154,0.0
Intensity_MedianIntensity_Cdh1 & Intensity_MedianIntensity_p21 & Metadata_well,9.976101802133586e-06,0.0
Intensity_MedianIntensity_Cdh1 & Intensity_MedianIntensity_pRB & pRB_over_RB,0.003642871994300787,0.0
Intensity_MedianIntensity_Cdh1 & Intensity_MedianIntensity_pRB & Metadata_well,0.0004810215892938992,0.0
Intensity_MedianIntensity_Cdh1 & pRB_over_RB & Metadata_well,0.0011092068936691577,0.0
Intensity_MedianIntensity_Cdt1 & Intensity_MedianIntensity_E2F1 & Intensity_MedianIntensity_ER,-0.00015060290681002738,0.0
Intensity_MedianIntensity_Cdt1 & Intensity_MedianIntensity_E2F1 & Intensity_MedianIntensity_Ki67,-0.000492518306432023,0.0
Intensity_MedianIntensity_Cdt1 & Intensity_MedianIntensity_E2F1 & Intensity_MedianIntensity_PR,0.00042316831083087907,0.0
Intensity_MedianIntensity_Cdt1 & Intensity_MedianIntensity_E2F1 & Intensity_MedianIntensity_RB,-0.0010225019162670354,0.0
Intensity_MedianIntensity_Cdt1 & Intensity_MedianIntensity_E2F1 & Intensity_MedianIntensity_Skp2,0.00019758694423984414,0.0
Intensity_MedianIntensity_Cdt1 & Intensity_MedianIntensity_E2F1 & Intensity_MedianIntensity_cycA,0.0002612887504565596,0.0
Intensity_MedianIntensity_Cdt1 & Intensity_MedianIntensity_E2F1 & Intensity_MedianIntensity_cycB1,0.0002397548398547318,0.0
Intensity_MedianIntensity_Cdt1 & Intensity_MedianIntensity_E2F1 & Intensity_MedianIntensity_cycD1,-3.762573570467644e-05,0.0
Intensity_MedianIntensity_Cdt1 & Intensity_MedianIntensity_E2F1 & Intensity_MedianIntensity_cycE,0.00012733889282025475,0.0
Intensity_MedianIntensity_Cdt1 & Intensity_MedianIntensity_E2F1 & Intensity_MedianIntensity_p21,-0.0002834936629862762,0.0
Intensity_MedianIntensity_Cdt1 & Intensity_MedianIntensity_E2F1 & Intensity_MedianIntensity_pRB,0.0008051600048192667,0.0
Intensity_MedianIntensity_Cdt1 & Intensity_MedianIntensity_E2F1 & pRB_over_RB,0.00045264708765843556,0.0
Intensity_MedianIntensity_Cdt1 & Intensity_MedianIntensity_E2F1 & Metadata_well,5.6798724022721335e-05,0.0
Intensity_MedianIntensity_Cdt1 & Intensity_MedianIntensity_ER & Intensity_MedianIntensity_Ki67,5.0496938766268266e-05,0.0
Intensity_MedianIntensity_Cdt1 & Intensity_MedianIntensity_ER & Intensity_MedianIntensity_PR,0.00035179676452238646,0.0
Intensity_MedianIntensity_Cdt1 & Intensity_MedianIntensity_ER & Intensity_MedianIntensity_RB,0.0003481379692246156,0.0
Intensity_MedianIntensity_Cdt1 & Intensity_MedianIntensity_ER & Intensity_MedianIntensity_Skp2,0.0006648719258612409,0.0
Intensity_MedianIntensity_Cdt1 & Intensity_MedianIntensity_ER & Intensity_MedianIntensity_cycA,-0.00025126685916886836,0.0
Intensity_MedianIntensity_Cdt1 & Intensity_MedianIntensity_ER & Intensity_MedianIntensity_cycB1,3.645150374761309e-05,0.0
Intensity_MedianIntensity_Cdt1 & Intensity_MedianIntensity_ER & Intensity_MedianIntensity_cycD1,-0.00012189493338535927,0.0
Intensity_MedianIntensity_Cdt1 & Intensity_MedianIntensity_ER & Intensity_MedianIntensity_cycE,-0.0005007280765265875,0.0
Intensity_MedianIntensity_Cdt1 & Intensity_MedianIntensity_ER & Intensity_MedianIntensity_p21,0.00017487427335899618,0.0
Intensity_MedianIntensity_Cdt1 & Intensity_MedianIntensity_ER & Intensity_MedianIntensity_pRB,-0.00032219915614895554,0.0
Intensity_MedianIntensity_Cdt1 & Intensity_MedianIntensity_ER & pRB_over_RB,0.0001858584464245828,0.0
Intensity_MedianIntensity_Cdt1 & Intensity_MedianIntensity_ER & Metadata_well,-5.9453311578061774e-05,0.0
Intensity_MedianIntensity_Cdt1 & Intensity_MedianIntensity_Ki67 & Intensity_MedianIntensity_PR,0.00035179781658639827,0.0
Intensity_MedianIntensity_Cdt1 & Intensity_MedianIntensity_Ki67 & Intensity_MedianIntensity_RB,-0.000497075622414755,0.0
Intensity_MedianIntensity_Cdt1 & Intensity_MedianIntensity_Ki67 & Intensity_MedianIntensity_Skp2,0.0006161571465450515,0.0
Intensity_MedianIntensity_Cdt1 & Intensity_MedianIntensity_Ki67 & Intensity_MedianIntensity_cycA,0.0008374035466896618,0.0
Intensity_MedianIntensity_Cdt1 & Intensity_MedianIntensity_Ki67 & Intensity_MedianIntensity_cycB1,0.0001727763983274453,0.0
Intensity_MedianIntensity_Cdt1 & Intensity_MedianIntensity_Ki67 & Intensity_MedianIntensity_cycD1,-0.0003019408736471543,0.0
Intensity_MedianIntensity_Cdt1 & Intensity_MedianIntensity_Ki67 & Intensity_MedianIntensity_cycE,-0.00023155597629346013,0.0
Intensity_MedianIntensity_Cdt1 & Intensity_MedianIntensity_Ki67 & Intensity_MedianIntensity_p21,-0.00019694258979265785,0.0
Intensity_MedianIntensity_Cdt1 & Intensity_MedianIntensity_Ki67 & Intensity_MedianIntensity_pRB,-0.0005890767645709896,0.0
Intensity_MedianIntensity_Cdt1 & Intensity_MedianIntensity_Ki67 & pRB_over_RB,0.00020866503490449777,0.0
Intensity_MedianIntensity_Cdt1 & Intensity_MedianIntensity_Ki67 & Metadata_well,-0.0007953029481009363,0.0
Intensity_MedianIntensity_Cdt1 & Intensity_MedianIntensity_PR & Intensity_MedianIntensity_RB,0.0009557752382353176,0.0
Intensity_MedianIntensity_Cdt1 & Intensity_MedianIntensity_PR & Intensity_MedianIntensity_Skp2,-0.00026363445936848444,0.0
Intensity_MedianIntensity_Cdt1 & Intensity_MedianIntensity_PR & Intensity_MedianIntensity_cycA,-0.00023020787436524415,0.0
Intensity_MedianIntensity_Cdt1 & Intensity_MedianIntensity_PR & Intensity_MedianIntensity_cycB1,0.0003946437745978274,0.0
Intensity_MedianIntensity_Cdt1 & Intensity_MedianIntensity_PR & Intensity_MedianIntensity_cycD1,-0.00022012826624066812,0.0
Intensity_MedianIntensity_Cdt1 & Intensity_MedianIntensity_PR & Intensity_MedianIntensity_cycE,0.00012536969784761887,0.0
Intensity_MedianIntensity_Cdt1 & Intensity_MedianIntensity_PR & Intensity_MedianIntensity_p21,-0.000802867597884921,0.0
Intensity_MedianIntensity_Cdt1 & Intensity_MedianIntensity_PR & Intensity_MedianIntensity_pRB,0.0003360404927498357,0.0
Intensity_MedianIntensity_Cdt1 & Intensity_MedianIntensity_PR & pRB_over_RB,-0.0010997229037085815,0.0
Intensity_MedianIntensity_Cdt1 & Intensity_MedianIntensity_PR & Metadata_well,0.00014928070383466135,0.0
Intensity_MedianIntensity_Cdt1 & Intensity_MedianIntensity_RB & Intensity_MedianIntensity_Skp2,-0.00037055671339187945,0.0
Intensity_MedianIntensity_Cdt1 & Intensity_MedianIntensity_RB & Intensity_MedianIntensity_cycA,0.0006238193901902054,0.0
Intensity_MedianIntensity_Cdt1 & Intensity_MedianIntensity_RB & Intensity_MedianIntensity_cycB1,0.000899766899503517,0.0
Intensity_MedianIntensity_Cdt1 & Intensity_MedianIntensity_RB & Intensity_MedianIntensity_cycD1,-0.00012756370432417073,0.0
Intensity_MedianIntensity_Cdt1 & Intensity_MedianIntensity_RB & Intensity_MedianIntensity_cycE,9.207743430412476e-05,0.0
Intensity_MedianIntensity_Cdt1 & Intensity_MedianIntensity_RB & Intensity_MedianIntensity_p21,-0.00023942235282173777,0.0
Intensity_MedianIntensity_Cdt1 & Intensity_MedianIntensity_RB & Intensity_MedianIntensity_pRB,-0.0005519772037136288,0.0
Intensity_MedianIntensity_Cdt1 & Intensity_MedianIntensity_RB & pRB_over_RB,0.0027940729651566337,0.0
Intensity_MedianIntensity_Cdt1 & Intensity_MedianIntensity_RB & Metadata_well,0.000313972132765147,0.0
Intensity_MedianIntensity_Cdt1 & Intensity_MedianIntensity_Skp2 & Intensity_MedianIntensity_cycA,-0.0005914714246485692,0.0
Intensity_MedianIntensity_Cdt1 & Intensity_MedianIntensity_Skp2 & Intensity_MedianIntensity_cycB1,-0.0001927495895416835,0.0
Intensity_MedianIntensity_Cdt1 & Intensity_MedianIntensity_Skp2 & Intensity_MedianIntensity_cycD1,0.00018762409599003304,0.0
Intensity_MedianIntensity_Cdt1 & Intensity_MedianIntensity_Skp2 & Intensity_MedianIntensity_cycE,-0.00010708479445552751,0.0
Intensity_MedianIntensity_Cdt1 & Intensity_MedianIntensity_Skp2 & Intensity_MedianIntensity_p21,0.0013191659701238592,0.0
Intensity_MedianIntensity_Cdt1 & Intensity_MedianIntensity_Skp2 & Intensity_MedianIntensity_pRB,-0.00029996914088560383,0.0
Intensity_MedianIntensity_Cdt1 & Intensity_MedianIntensity_Skp2 & pRB_over_RB,-0.00013806412497709746,0.0
Intensity_MedianIntensity_Cdt1 & Intensity_MedianIntensity_Skp2 & Metadata_well,0.0002449339973991048,0.0
Intensity_MedianIntensity_Cdt1 & Intensity_MedianIntensity_cycA & Intensity_MedianIntensity_cycB1,-9.59259729117778e-05,0.0
Intensity_MedianIntensity_Cdt1 & Intensity_MedianIntensity_cycA & Intensity_MedianIntensity_cycD1,0.0006774447577282473,0.0
Intensity_MedianIntensity_Cdt1 & Intensity_MedianIntensity_cycA & Intensity_MedianIntensity_cycE,5.2757132008644435e-06,0.0
Intensity_MedianIntensity_Cdt1 & Intensity_MedianIntensity_cycA & Intensity_MedianIntensity_p21,-0.00028336849664353764,0.0
Intensity_MedianIntensity_Cdt1 & Intensity_MedianIntensity_cycA & Intensity_MedianIntensity_pRB,0.0007932238700488552,0.0
Intensity_MedianIntensity_Cdt1 & Intensity_MedianIntensity_cycA & pRB_over_RB,-0.0006386928684848758,0.0
Intensity_MedianIntensity_Cdt1 & Intensity_MedianIntensity_cycA & Metadata_well,7.295261527189551e-06,0.0
Intensity_MedianIntensity_Cdt1 & Intensity_MedianIntensity_cycB1 & Intensity_MedianIntensity_cycD1,0.0004268959352755889,0.0
Intensity_MedianIntensity_Cdt1 & Intensity_MedianIntensity_cycB1 & Intensity_MedianIntensity_cycE,8.980075658315878e-05,0.0
Intensity_MedianIntensity_Cdt1 & Intensity_MedianIntensity_cycB1 & Intensity_MedianIntensity_p21,0.00044285198248840613,0.0
Intensity_MedianIntensity_Cdt1 & Intensity_MedianIntensity_cycB1 & Intensity_MedianIntensity_pRB,-0.000986817910916521,0.0
Intensity_MedianIntensity_Cdt1 & Intensity_MedianIntensity_cycB1 & pRB_over_RB,-0.001069162261903131,0.0
Intensity_MedianIntensity_Cdt1 & Intensity_MedianIntensity_cycB1 & Metadata_well,-0.0005631256032940685,0.0
Intensity_MedianIntensity_Cdt1 & Intensity_MedianIntensity_cycD1 & Intensity_MedianIntensity_cycE,0.0002987024924240543,0.0
Intensity_MedianIntensity_Cdt1 & Intensity_MedianIntensity_cycD1 & Intensity_MedianIntensity_p21,-0.00025352257778329235,0.0
Intensity_MedianIntensity_Cdt1 & Intensity_MedianIntensity_cycD1 & Intensity_MedianIntensity_pRB,0.000847451325385554,0.0
Intensity_MedianIntensity_Cdt1 & Intensity_MedianIntensity_cycD1 & pRB_over_RB,-0.000249578921564655,0.0
Intensity_MedianIntensity_Cdt1 & Intensity_MedianIntensity_cycD1 & Metadata_well,0.0008337027999475348,0.0
Intensity_MedianIntensity_Cdt1 & Intensity_MedianIntensity_cycE & Intensity_MedianIntensity_p21,0.0006115583236545989,0.0
Intensity_MedianIntensity_Cdt1 & Intensity_MedianIntensity_cycE & Intensity_MedianIntensity_pRB,-0.00022438952367031002,0.0
Intensity_MedianIntensity_Cdt1 & Intensity_MedianIntensity_cycE & pRB_over_RB,0.00021339958901473748,0.0
Intensity_MedianIntensity_Cdt1 & Intensity_MedianIntensity_cycE & Metadata_well,-0.00018364564274309325,0.0
Intensity_MedianIntensity_Cdt1 & Intensity_MedianIntensity_p21 & Intensity_MedianIntensity_pRB,0.00039738707191404955,0.0
Intensity_MedianIntensity_Cdt1 & Intensity_MedianIntensity_p21 & pRB_over_RB,0.0007112789982458257,0.0
Intensity_MedianIntensity_Cdt1 & Intensity_MedianIntensity_p21 & Metadata_well,0.0004390850965417258,0.0
Intensity_MedianIntensity_Cdt1 & Intensity_MedianIntensity_pRB & pRB_over_RB,0.006849676570682388,0.0
Intensity_MedianIntensity_Cdt1 & Intensity_MedianIntensity_pRB & Metadata_well,-0.00043998822567642925,0.0
Intensity_MedianIntensity_Cdt1 & pRB_over_RB & Metadata_well,0.00030529352646239315,0.0
Intensity_MedianIntensity_E2F1 & Intensity_MedianIntensity_ER & Intensity_MedianIntensity_Ki67,-0.00029914543537455483,0.0
Intensity_MedianIntensity_E2F1 & Intensity_MedianIntensity_ER & Intensity_MedianIntensity_PR,0.00046699054750747195,0.0
Intensity_MedianIntensity_E2F1 & Intensity_MedianIntensity_ER & Intensity_MedianIntensity_RB,0.0011009862411530216,0.0
Intensity_MedianIntensity_E2F1 & Intensity_MedianIntensity_ER & Intensity_MedianIntensity_Skp2,0.0001957673460052072,0.0
Intensity_MedianIntensity_E2F1 & Intensity_MedianIntensity_ER & Intensity_MedianIntensity_cycA,1.616496397603562e-05,0.0
Intensity_MedianIntensity_E2F1 & Intensity_MedianIntensity_ER & Intensity_MedianIntensity_cycB1,0.00014712762262734502,0.0
Intensity_MedianIntensity_E2F1 & Intensity_MedianIntensity_ER & Intensity_MedianIntensity_cycD1,-0.00045793544168309583,0.0
Intensity_MedianIntensity_E2F1 & Intensity_MedianIntensity_ER & Intensity_MedianIntensity_cycE,-0.0002929062992408138,0.0
Intensity_MedianIntensity_E2F1 & Intensity_MedianIntensity_ER & Intensity_MedianIntensity_p21,0.00031081908220659775,0.0
Intensity_MedianIntensity_E2F1 & Intensity_MedianIntensity_ER & Intensity_MedianIntensity_pRB,-0.00044750026368404523,0.0
Intensity_MedianIntensity_E2F1 & Intensity_MedianIntensity_ER & pRB_over_RB,-0.0009884994344702882,0.0
Intensity_MedianIntensity_E2F1 & Intensity_MedianIntensity_ER & Metadata_well,-0.0010153686174640777,0.0
Intensity_MedianIntensity_E2F1 & Intensity_MedianIntensity_Ki67 & Intensity_MedianIntensity_PR,-0.0006852736930696927,0.0
Intensity_MedianIntensity_E2F1 & Intensity_MedianIntensity_Ki67 & Intensity_MedianIntensity_RB,0.00032642927164629133,0.0
Intensity_MedianIntensity_E2F1 & Intensity_MedianIntensity_Ki67 & Intensity_MedianIntensity_Skp2,4.4877947362737666e-05,0.0
Intensity_MedianIntensity_E2F1 & Intensity_MedianIntensity_Ki67 & Intensity_MedianIntensity_cycA,-0.0004777367698985286,0.0
Intensity_MedianIntensity_E2F1 & Intensity_MedianIntensity_Ki67 & Intensity_MedianIntensity_cycB1,0.0006202685639549665,0.0
Intensity_MedianIntensity_E2F1 & Intensity_MedianIntensity_Ki67 & Intensity_MedianIntensity_cycD1,0.00011305666340331484,0.0
Intensity_MedianIntensity_E2F1 & Intensity_MedianIntensity_Ki67 & Intensity_MedianIntensity_cycE,-0.000575771353206701,0.0
Intensity_MedianIntensity_E2F1 & Intensity_MedianIntensity_Ki67 & Intensity_MedianIntensity_p21,0.0008546038150701562,0.0
Intensity_MedianIntensity_E2F1 & Intensity_MedianIntensity_Ki67 & Intensity_MedianIntensity_pRB,0.00040354885080353975,0.0
Intensity_MedianIntensity_E2F1 & Intensity_MedianIntensity_Ki67 & pRB_over_RB,-0.0009774838891535365,0.0
Intensity_MedianIntensity_E2F1 & Intensity_MedianIntensity_Ki67 & Metadata_well,0.0008915884464030625,0.0
Intensity_MedianIntensity_E2F1 & Intensity_MedianIntensity_PR & Intensity_MedianIntensity_RB,9.099643557402823e-05,0.0
Intensity_MedianIntensity_E2F1 & Intensity_MedianIntensity_PR & Intensity_MedianIntensity_Skp2,-3.4137450054961847e-05,0.0
Intensity_MedianIntensity_E2F1 & Intensity_MedianIntensity_PR & Intensity_MedianIntensity_cycA,8.489568619215286e-06,0.0
Intensity_MedianIntensity_E2F1 & Intensity_MedianIntensity_PR & Intensity_MedianIntensity_cycB1,-0.00025617361621370935,0.0
Intensity_MedianIntensity_E2F1 & Intensity_MedianIntensity_PR & Intensity_MedianIntensity_cycD1,-0.0002818824241234822,0.0
Intensity_MedianIntensity_E2F1 & Intensity_MedianIntensity_PR & Intensity_MedianIntensity_cycE,0.00018391433881780639,0.0
Intensity_MedianIntensity_E2F1 & Intensity_MedianIntensity_PR & Intensity_MedianIntensity_p21,0.0004673398746685405,0.0
Intensity_MedianIntensity_E2F1 & Intensity_MedianIntensity_PR & Intensity_MedianIntensity_pRB,-5.0451835881414346e-05,0.0
Intensity_MedianIntensity_E2F1 & Intensity_MedianIntensity_PR & pRB_over_RB,0.001105957115838061,0.0
Intensity_MedianIntensity_E2F1 & Intensity_MedianIntensity_PR & Metadata_well,9.01088365200336e-05,0.0
Intensity_MedianIntensity_E2F1 & Intensity_MedianIntensity_RB & Intensity_MedianIntensity_Skp2,-8.874194031303194e-05,0.0
Intensity_MedianIntensity_E2F1 & Intensity_MedianIntensity_RB & Intensity_MedianIntensity_cycA,-0.0005507798246026484,0.0
Intensity_MedianIntensity_E2F1 & Intensity_MedianIntensity_RB & Intensity_MedianIntensity_cycB1,0.0006120921727894725,0.0
Intensity_MedianIntensity_E2F1 & Intensity_MedianIntensity_RB & Intensity_MedianIntensity_cycD1,0.0005463814923373369,0.0
Intensity_MedianIntensity_E2F1 & Intensity_MedianIntensity_RB & Intensity_MedianIntensity_cycE,-0.000439238974686762,0.0
Intensity_MedianIntensity_E2F1 & Intensity_MedianIntensity_RB & Intensity_MedianIntensity_p21,-0.0008974078628091647,0.0
Intensity_MedianIntensity_E2F1 & Intensity_MedianIntensity_RB & Intensity_MedianIntensity_pRB,-5.626722507287442e-05,0.0
Intensity_MedianIntensity_E2F1 & Intensity_MedianIntensity_RB & pRB_over_RB,0.002375807621011036,0.0
Intensity_MedianIntensity_E2F1 & Intensity_MedianIntensity_RB & Metadata_well,-0.00028739855438754516,0.0
Intensity_MedianIntensity_E2F1 & Intensity_MedianIntensity_Skp2 & Intensity_MedianIntensity_cycA,0.0003053769198040672,0.0
Intensity_MedianIntensity_E2F1 & Intensity_MedianIntensity_Skp2 & Intensity_MedianIntensity_cycB1,-0.0002532588207173488,0.0
Intensity_MedianIntensity_E2F1 & Intensity_MedianIntensity_Skp2 & Intensity_MedianIntensity_cycD1,-0.00013634450076548525,0.0
Intensity_MedianIntensity_E2F1 & Intensity_MedianIntensity_Skp2 & Intensity_MedianIntensity_cycE,0.001360093448605372,0.0
Intensity_MedianIntensity_E2F1 & Intensity_MedianIntensity_Skp2 & Intensity_MedianIntensity_p21,-0.00017295267587376042,0.0
Intensity_MedianIntensity_E2F1 & Intensity_MedianIntensity_Skp2 & Intensity_MedianIntensity_pRB,0.0009476178649804047,0.0
Intensity_MedianIntensity_E2F1 & Intensity_MedianIntensity_Skp2 & pRB_over_RB,1.933885792757501e-06,0.0
Intensity_MedianIntensity_E2F1 & Intensity_MedianIntensity_Skp2 & Metadata_well,0.000573585843472245,0.0
Intensity_MedianIntensity_E2F1 & Intensity_MedianIntensity_cycA & Intensity_MedianIntensity_cycB1,-0.0001291975514017677,0.0
Intensity_MedianIntensity_E2F1 & Intensity_MedianIntensity_cycA & Intensity_MedianIntensity_cycD1,0.0006665118008946466,0.0
Intensity_MedianIntensity_E2F1 & Intensity_MedianIntensity_cycA & Intensity_MedianIntensity_cycE,0.0006034998939965973,0.0
Intensity_MedianIntensity_E2F1 & Intensity_MedianIntensity_cycA & Intensity_MedianIntensity_p21,0.0009645233793234592,0.0
Intensity_MedianIntensity_E2F1 & Intensity_MedianIntensity_cycA & Intensity_MedianIntensity_pRB,0.0001473309765564104,0.0
Intensity_MedianIntensity_E2F1 & Intensity_MedianIntensity_cycA & pRB_over_RB,-0.0007104168666532519,0.0
Intensity_MedianIntensity_E2F1 & Intensity_MedianIntensity_cycA & Metadata_well,0.0007258570194058663,0.0
Intensity_MedianIntensity_E2F1 & Intensity_MedianIntensity_cycB1 & Intensity_MedianIntensity_cycD1,-9.964314910042939e-05,0.0
Intensity_MedianIntensity_E2F1 & Intensity_MedianIntensity_cycB1 & Intensity_MedianIntensity_cycE,0.00016444942608135127,0.0
Intensity_MedianIntensity_E2F1 & Intensity_MedianIntensity_cycB1 & Intensity_MedianIntensity_p21,-0.00019797444223922727,0.0
Intensity_MedianIntensity_E2F1 & Intensity_MedianIntensity_cycB1 & Intensity_MedianIntensity_pRB,0.00028005902626010963,0.0
Intensity_MedianIntensity_E2F1 & Intensity_MedianIntensity_cycB1 & pRB_over_RB,-0.0005774943685421339,0.0
Intensity_MedianIntensity_E2F1 & Intensity_MedianIntensity_cycB1 & Metadata_well,-0.00019179491795981104,0.0
Intensity_MedianIntensity_E2F1 & Intensity_MedianIntensity_cycD1 & Intensity_MedianIntensity_cycE,-7.150105027057746e-05,0.0
Intensity_MedianIntensity_E2F1 & Intensity_MedianIntensity_cycD1 & Intensity_MedianIntensity_p21,-0.0007108324262671496,0.0
Intensity_MedianIntensity_E2F1 & Intensity_MedianIntensity_cycD1 & Intensity_MedianIntensity_pRB,0.0005588006662280932,0.0
Intensity_MedianIntensity_E2F1 & Intensity_MedianIntensity_cycD1 & pRB_over_RB,0.0006733233597497063,0.0
Intensity_MedianIntensity_E2F1 & Intensity_MedianIntensity_cycD1 & Metadata_well,-0.0006503537963263253,0.0
Intensity_MedianIntensity_E2F1 & Intensity_MedianIntensity_cycE & Intensity_MedianIntensity_p21,0.00012569593580299602,0.0
Intensity_MedianIntensity_E2F1 & Intensity_MedianIntensity_cycE & Intensity_MedianIntensity_pRB,-3.866937972423485e-05,0.0
Intensity_MedianIntensity_E2F1 & Intensity_MedianIntensity_cycE & pRB_over_RB,-8.632229963998592e-05,0.0
Intensity_MedianIntensity_E2F1 & Intensity_MedianIntensity_cycE & Metadata_well,-0.000689574170901282,0.0
Intensity_MedianIntensity_E2F1 & Intensity_MedianIntensity_p21 & Intensity_MedianIntensity_pRB,-0.0006575137095629469,0.0
Intensity_MedianIntensity_E2F1 & Intensity_MedianIntensity_p21 & pRB_over_RB,-8.37556374806482e-05,0.0
Intensity_MedianIntensity_E2F1 & Intensity_MedianIntensity_p21 & Metadata_well,0.0004342941116682392,0.0
Intensity_MedianIntensity_E2F1 & Intensity_MedianIntensity_pRB & pRB_over_RB,0.007397682443687863,0.0
Intensity_MedianIntensity_E2F1 & Intensity_MedianIntensity_pRB & Metadata_well,0.0005406392903399141,0.0
Intensity_MedianIntensity_E2F1 & pRB_over_RB & Metadata_well,4.981545690267626e-05,0.0
Intensity_MedianIntensity_ER & Intensity_MedianIntensity_Ki67 & Intensity_MedianIntensity_PR,-0.00026312553670097924,0.0
Intensity_MedianIntensity_ER & Intensity_MedianIntensity_Ki67 & Intensity_MedianIntensity_RB,-0.00034513103018861624,0.0
Intensity_MedianIntensity_ER & Intensity_MedianIntensity_Ki67 & Intensity_MedianIntensity_Skp2,-1.5390297726036773e-05,0.0
Intensity_MedianIntensity_ER & Intensity_MedianIntensity_Ki67 & Intensity_MedianIntensity_cycA,-0.00028944029287189424,0.0
Intensity_MedianIntensity_ER & Intensity_MedianIntensity_Ki67 & Intensity_MedianIntensity_cycB1,-0.0003169790472716985,0.0
Intensity_MedianIntensity_ER & Intensity_MedianIntensity_Ki67 & Intensity_MedianIntensity_cycD1,0.0007363149606365402,0.0
Intensity_MedianIntensity_ER & Intensity_MedianIntensity_Ki67 & Intensity_MedianIntensity_cycE,0.0004160640359563906,0.0
Intensity_MedianIntensity_ER & Intensity_MedianIntensity_Ki67 & Intensity_MedianIntensity_p21,1.649300273617522e-05,0.0
Intensity_MedianIntensity_ER & Intensity_MedianIntensity_Ki67 & Intensity_MedianIntensity_pRB,3.830838178533151e-05,0.0
Intensity_MedianIntensity_ER & Intensity_MedianIntensity_Ki67 & pRB_over_RB,-0.0002230469105073638,0.0
Intensity_MedianIntensity_ER & Intensity_MedianIntensity_Ki67 & Metadata_well,5.2409155535971275e-05,0.0
Intensity_MedianIntensity_ER & Intensity_MedianIntensity_PR & Intensity_MedianIntensity_RB,0.0005944042779784114,0.0
Intensity_MedianIntensity_ER & Intensity_MedianIntensity_PR & Intensity_MedianIntensity_Skp2,0.0004155411637242574,0.0
Intensity_MedianIntensity_ER & Intensity_MedianIntensity_PR & Intensity_MedianIntensity_cycA,-0.00045872563652561276,0.0
Intensity_MedianIntensity_ER & Intensity_MedianIntensity_PR & Intensity_MedianIntensity_cycB1,0.0007539078624128961,0.0
Intensity_MedianIntensity_ER & Intensity_MedianIntensity_PR & Intensity_MedianIntensity_cycD1,9.615624685872495e-06,0.0
Intensity_MedianIntensity_ER & Intensity_MedianIntensity_PR & Intensity_MedianIntensity_cycE,-5.4487156113036786e-05,0.0
Intensity_MedianIntensity_ER & Intensity_MedianIntensity_PR & Intensity_MedianIntensity_p21,6.127648900437161e-05,0.0
Intensity_MedianIntensity_ER & Intensity_MedianIntensity_PR & Intensity_MedianIntensity_pRB,0.0011205488578058375,0.0
Intensity_MedianIntensity_ER & Intensity_MedianIntensity_PR & pRB_over_RB,0.0011714262278076663,0.0
Intensity_MedianIntensity_ER & Intensity_MedianIntensity_PR & Metadata_well,-0.0004287571750377585,0.0
Intensity_MedianIntensity_ER & Intensity_MedianIntensity_RB & Intensity_MedianIntensity_Skp2,-7.029052842908797e-05,0.0
Intensity_MedianIntensity_ER & Intensity_MedianIntensity_RB & Intensity_MedianIntensity_cycA,-0.0002979177201392693,0.0
Intensity_MedianIntensity_ER & Intensity_MedianIntensity_RB & Intensity_MedianIntensity_cycB1,-0.0013889965941644828,0.0
Intensity_MedianIntensity_ER & Intensity_MedianIntensity_RB & Intensity_MedianIntensity_cycD1,-0.0004531188503473742,0.0
Intensity_MedianIntensity_ER & Intensity_MedianIntensity_RB & Intensity_MedianIntensity_cycE,0.00030558538522711847,0.0
Intensity_MedianIntensity_ER & Intensity_MedianIntensity_RB & Intensity_MedianIntensity_p21,0.000481290873505584,0.0
Intensity_MedianIntensity_ER & Intensity_MedianIntensity_RB & Intensity_MedianIntensity_pRB,-6.589210284674139e-05,0.0
Intensity_MedianIntensity_ER & Intensity_MedianIntensity_RB & pRB_over_RB,0.002503386599294521,0.0
Intensity_MedianIntensity_ER & Intensity_MedianIntensity_RB & Metadata_well,0.0009172056605832391,0.0
Intensity_MedianIntensity_ER & Intensity_MedianIntensity_Skp2 & Intensity_MedianIntensity_cycA,0.00024640897450699874,0.0
Intensity_MedianIntensity_ER & Intensity_MedianIntensity_Skp2 & Intensity_MedianIntensity_cycB1,-0.000409505495447839,0.0
Intensity_MedianIntensity_ER & Intensity_MedianIntensity_Skp2 & Intensity_MedianIntensity_cycD1,0.0004255421295824022,0.0
Intensity_MedianIntensity_ER & Intensity_MedianIntensity_Skp2 & Intensity_MedianIntensity_cycE,-0.0001877896847449976,0.0
Intensity_MedianIntensity_ER & Intensity_MedianIntensity_Skp2 & Intensity_MedianIntensity_p21,-0.00013836101794164485,0.0
Intensity_MedianIntensity_ER & Intensity_MedianIntensity_Skp2 & Intensity_MedianIntensity_pRB,-0.00013037627804625166,0.0
Intensity_MedianIntensity_ER & Intensity_MedianIntensity_Skp2 & pRB_over_RB,-0.0008423627994891032,0.0
Intensity_MedianIntensity_ER & Intensity_MedianIntensity_Skp2 & Metadata_well,0.00013774289675584877,0.0
Intensity_MedianIntensity_ER & Intensity_MedianIntensity_cycA & Intensity_MedianIntensity_cycB1,-0.00012034676288517119,0.0
Intensity_MedianIntensity_ER & Intensity_MedianIntensity_cycA & Intensity_MedianIntensity_cycD1,0.00041459749089485894,0.0
Intensity_MedianIntensity_ER & Intensity_MedianIntensity_cycA & Intensity_MedianIntensity_cycE,0.0005089734767139872,0.0
Intensity_MedianIntensity_ER & Intensity_MedianIntensity_cycA & Intensity_MedianIntensity_p21,0.0009381812365779073,0.0
Intensity_MedianIntensity_ER & Intensity_MedianIntensity_cycA & Intensity_MedianIntensity_pRB,0.0003374643112115692,0.0
Intensity_MedianIntensity_ER & Intensity_MedianIntensity_cycA & pRB_over_RB,0.0008960956758695229,0.0
Intensity_MedianIntensity_ER & Intensity_MedianIntensity_cycA & Metadata_well,-0.0006505598276709133,0.0
Intensity_MedianIntensity_ER & Intensity_MedianIntensity_cycB1 & Intensity_MedianIntensity_cycD1,-7.963100732782155e-05,0.0
Intensity_MedianIntensity_ER & Intensity_MedianIntensity_cycB1 & Intensity_MedianIntensity_cycE,0.001173085059619883,0.0
Intensity_MedianIntensity_ER & Intensity_MedianIntensity_cycB1 & Intensity_MedianIntensity_p21,0.000473307480641208,0.0
Intensity_MedianIntensity_ER & Intensity_MedianIntensity_cycB1 & Intensity_MedianIntensity_pRB,-0.0005167343942715036,0.0
Intensity_MedianIntensity_ER & Intensity_MedianIntensity_cycB1 & pRB_over_RB,-0.0017735578165136913,0.0
Intensity_MedianIntensity_ER & Intensity_MedianIntensity_cycB1 & Metadata_well,0.0005613088925377646,0.0
Intensity_MedianIntensity_ER & Intensity_MedianIntensity_cycD1 & Intensity_MedianIntensity_cycE,0.00037897269606619973,0.0
Intensity_MedianIntensity_ER & Intensity_MedianIntensity_cycD1 & Intensity_MedianIntensity_p21,0.00031290100239789127,0.0
Intensity_MedianIntensity_ER & Intensity_MedianIntensity_cycD1 & Intensity_MedianIntensity_pRB,-0.0008070052139423873,0.0
Intensity_MedianIntensity_ER & Intensity_MedianIntensity_cycD1 & pRB_over_RB,-0.0007428062885234733,0.0
Intensity_MedianIntensity_ER & Intensity_MedianIntensity_cycD1 & Metadata_well,0.0001295890855247682,0.0
Intensity_MedianIntensity_ER & Intensity_MedianIntensity_cycE & Intensity_MedianIntensity_p21,0.0002724446796828536,0.0
Intensity_MedianIntensity_ER & Intensity_MedianIntensity_cycE & Intensity_MedianIntensity_pRB,-0.00034415144356006043,0.0
Intensity_MedianIntensity_ER & Intensity_MedianIntensity_cycE & pRB_over_RB,-0.0007362673403503377,0.0
Intensity_MedianIntensity_ER & Intensity_MedianIntensity_cycE & Metadata_well,-0.0003000175276438519,0.0
Intensity_MedianIntensity_ER & Intensity_MedianIntensity_p21 & Intensity_MedianIntensity_pRB,0.0006935797395432022,0.0
Intensity_MedianIntensity_ER & Intensity_MedianIntensity_p21 & pRB_over_RB,-0.0005745481226341921,0.0
Intensity_MedianIntensity_ER & Intensity_MedianIntensity_p21 & Metadata_well,-0.00016872559527460022,0.0
Intensity_MedianIntensity_ER & Intensity_MedianIntensity_pRB & pRB_over_RB,0.0029994890388606137,0.0
Intensity_MedianIntensity_ER & Intensity_MedianIntensity_pRB & Metadata_well,0.00037201232832613377,0.0
Intensity_MedianIntensity_ER & pRB_over_RB & Metadata_well,0.00011417576858691007,0.0
Intensity_MedianIntensity_Ki67 & Intensity_MedianIntensity_PR & Intensity_MedianIntensity_RB,0.0005981158481814149,0.0
Intensity_MedianIntensity_Ki67 & Intensity_MedianIntensity_PR & Intensity_MedianIntensity_Skp2,0.0005703184661762701,0.0
Intensity_MedianIntensity_Ki67 & Intensity_MedianIntensity_PR & Intensity_MedianIntensity_cycA,-2.211911248587528e-05,0.0
Intensity_MedianIntensity_Ki67 & Intensity_MedianIntensity_PR & Intensity_MedianIntensity_cycB1,-0.00038575904474433823,0.0
Intensity_MedianIntensity_Ki67 & Intensity_MedianIntensity_PR & Intensity_MedianIntensity_cycD1,-0.0007789030054131021,0.0
Intensity_MedianIntensity_Ki67 & Intensity_MedianIntensity_PR & Intensity_MedianIntensity_cycE,0.0002295001823408816,0.0
Intensity_MedianIntensity_Ki67 & Intensity_MedianIntensity_PR & Intensity_MedianIntensity_p21,-0.0001398665131828293,0.0
Intensity_MedianIntensity_Ki67 & Intensity_MedianIntensity_PR & Intensity_MedianIntensity_pRB,-0.0002762966042492048,0.0
Intensity_MedianIntensity_Ki67 & Intensity_MedianIntensity_PR & pRB_over_RB,-0.00044916344409352864,0.0
Intensity_MedianIntensity_Ki67 & Intensity_MedianIntensity_PR & Metadata_well,0.0002933594997352202,0.0
Intensity_MedianIntensity_Ki67 & Intensity_MedianIntensity_RB & Intensity_MedianIntensity_Skp2,1.072714748667301e-05,0.0
Intensity_MedianIntensity_Ki67 & Intensity_MedianIntensity_RB & Intensity_MedianIntensity_cycA,-0.0006049812326735928,0.0
Intensity_MedianIntensity_Ki67 & Intensity_MedianIntensity_RB & Intensity_MedianIntensity_cycB1,0.0004663475805598139,0.0
Intensity_MedianIntensity_Ki67 & Intensity_MedianIntensity_RB & Intensity_MedianIntensity_cycD1,-0.0007336921560191462,0.0
Intensity_MedianIntensity_Ki67 & Intensity_MedianIntensity_RB & Intensity_MedianIntensity_cycE,0.0004884689713969677,0.0
Intensity_MedianIntensity_Ki67 & Intensity_MedianIntensity_RB & Intensity_MedianIntensity_p21,-0.0003993410110862959,0.0
Intensity_MedianIntensity_Ki67 & Intensity_MedianIntensity_RB & Intensity_MedianIntensity_pRB,0.0002169182644573268,0.0
Intensity_MedianIntensity_Ki67 & Intensity_MedianIntensity_RB & pRB_over_RB,0.002520802937197215,0.0
Intensity_MedianIntensity_Ki67 & Intensity_MedianIntensity_RB & Metadata_well,1.590834922079684e-05,0.0
Intensity_MedianIntensity_Ki67 & Intensity_MedianIntensity_Skp2 & Intensity_MedianIntensity_cycA,0.00046905370880038724,0.0
Intensity_MedianIntensity_Ki67 & Intensity_MedianIntensity_Skp2 & Intensity_MedianIntensity_cycB1,0.00025690989143108676,0.0
Intensity_MedianIntensity_Ki67 & Intensity_MedianIntensity_Skp2 & Intensity_MedianIntensity_cycD1,0.0009383878198992325,0.0
Intensity_MedianIntensity_Ki67 & Intensity_MedianIntensity_Skp2 & Intensity_MedianIntensity_cycE,0.0001228282940708918,0.0
Intensity_MedianIntensity_Ki67 & Intensity_MedianIntensity_Skp2 & Intensity_MedianIntensity_p21,0.0001875862916525803,0.0
Intensity_MedianIntensity_Ki67 & Intensity_MedianIntensity_Skp2 & Intensity_MedianIntensity_pRB,0.0011037980045699365,0.0
Intensity_MedianIntensity_Ki67 & Intensity_MedianIntensity_Skp2 & pRB_over_RB,-6.573627083450698e-05,0.0
Intensity_MedianIntensity_Ki67 & Intensity_MedianIntensity_Skp2 & Metadata_well,-0.0004719143214980872,0.0
Intensity_MedianIntensity_Ki67 & Intensity_MedianIntensity_cycA & Intensity_MedianIntensity_cycB1,0.0006763243677599389,0.0
Intensity_MedianIntensity_Ki67 & Intensity_MedianIntensity_cycA & Intensity_MedianIntensity_cycD1,0.0004235590637877941,0.0
Intensity_MedianIntensity_Ki67 & Intensity_MedianIntensity_cycA & Intensity_MedianIntensity_cycE,-0.00017637331604689318,0.0
Intensity_MedianIntensity_Ki67 & Intensity_MedianIntensity_cycA & Intensity_MedianIntensity_p21,0.0012231861073250373,0.0
Intensity_MedianIntensity_Ki67 & Intensity_MedianIntensity_cycA & Intensity_MedianIntensity_pRB,-0.00021162551657861575,0.0
Intensity_MedianIntensity_Ki67 & Intensity_MedianIntensity_cycA & pRB_over_RB,0.0001487223803063464,0.0
Intensity_MedianIntensity_Ki67 & Intensity_MedianIntensity_cycA & Metadata_well,0.0011260077413854932,0.0
Intensity_MedianIntensity_Ki67 & Intensity_MedianIntensity_cycB1 & Intensity_MedianIntensity_cycD1,8.342960318755273e-05,0.0
Intensity_MedianIntensity_Ki67 & Intensity_MedianIntensity_cycB1 & Intensity_MedianIntensity_cycE,-0.0008183349793238519,0.0
Intensity_MedianIntensity_Ki67 & Intensity_MedianIntensity_cycB1 & Intensity_MedianIntensity_p21,-0.000407366145332694,0.0
Intensity_MedianIntensity_Ki67 & Intensity_MedianIntensity_cycB1 & Intensity_MedianIntensity_pRB,0.00031878944382261824,0.0
Intensity_MedianIntensity_Ki67 & Intensity_MedianIntensity_cycB1 & pRB_over_RB,-4.825702552652685e-05,0.0
Intensity_MedianIntensity_Ki67 & Intensity_MedianIntensity_cycB1 & Metadata_well,0.000331258796518261,0.0
Intensity_MedianIntensity_Ki67 & Intensity_MedianIntensity_cycD1 & Intensity_MedianIntensity_cycE,-0.0002877789983092766,0.0
Intensity_MedianIntensity_Ki67 & Intensity_MedianIntensity_cycD1 & Intensity_MedianIntensity_p21,4.128659755619354e-05,0.0
Intensity_MedianIntensity_Ki67 & Intensity_MedianIntensity_cycD1 & Intensity_MedianIntensity_pRB,-0.0007508136803968572,0.0
Intensity_MedianIntensity_Ki67 & Intensity_MedianIntensity_cycD1 & pRB_over_RB,-0.0006996410008270883,0.0
Intensity_MedianIntensity_Ki67 & Intensity_MedianIntensity_cycD1 & Metadata_well,-0.0006578694101258728,0.0
Intensity_MedianIntensity_Ki67 & Intensity_MedianIntensity_cycE & Intensity_MedianIntensity_p21,0.0004381505319692822,0.0
Intensity_MedianIntensity_Ki67 & Intensity_MedianIntensity_cycE & Intensity_MedianIntensity_pRB,-0.0003838391202553804,0.0
Intensity_MedianIntensity_Ki67 & Intensity_MedianIntensity_cycE & pRB_over_RB,0.0006261268898340974,0.0
Intensity_MedianIntensity_Ki67 & Intensity_MedianIntensity_cycE & Metadata_well,0.0004728571227807707,0.0
Intensity_MedianIntensity_Ki67 & Intensity_MedianIntensity_p21 & Intensity_MedianIntensity_pRB,-4.538579590006968e-05,0.0
Intensity_MedianIntensity_Ki67 & Intensity_MedianIntensity_p21 & pRB_over_RB,-0.0009530867287231165,0.0
Intensity_MedianIntensity_Ki67 & Intensity_MedianIntensity_p21 & Metadata_well,-0.00085708991172581,0.0
Intensity_MedianIntensity_Ki67 & Intensity_MedianIntensity_pRB & pRB_over_RB,0.004096383133464881,0.0
Intensity_MedianIntensity_Ki67 & Intensity_MedianIntensity_pRB & Metadata_well,0.0010513058886426068,0.0
Intensity_MedianIntensity_Ki67 & pRB_over_RB & Metadata_well,0.0008781163927381855,0.0
Intensity_MedianIntensity_PR & Intensity_MedianIntensity_RB & Intensity_MedianIntensity_Skp2,-0.000799424276471918,0.0
Intensity_MedianIntensity_PR & Intensity_MedianIntensity_RB & Intensity_MedianIntensity_cycA,0.00037599326880619185,0.0
Intensity_MedianIntensity_PR & Intensity_MedianIntensity_RB & Intensity_MedianIntensity_cycB1,0.00022286501887612247,0.0
Intensity_MedianIntensity_PR & Intensity_MedianIntensity_RB & Intensity_MedianIntensity_cycD1,0.0005641461340217335,0.0
Intensity_MedianIntensity_PR & Intensity_MedianIntensity_RB & Intensity_MedianIntensity_cycE,-0.0009255907872668113,0.0
Intensity_MedianIntensity_PR & Intensity_MedianIntensity_RB & Intensity_MedianIntensity_p21,0.0004710803392210791,0.0
Intensity_MedianIntensity_PR & Intensity_MedianIntensity_RB & Intensity_MedianIntensity_pRB,0.00034782632586445323,0.0
Intensity_MedianIntensity_PR & Intensity_MedianIntensity_RB & pRB_over_RB,0.0009739267797542401,0.0
Intensity_MedianIntensity_PR & Intensity_MedianIntensity_RB & Metadata_well,1.8910906406486736e-05,0.0
Intensity_MedianIntensity_PR & Intensity_MedianIntensity_Skp2 & Intensity_MedianIntensity_cycA,-1.1133059613445096e-05,0.0
Intensity_MedianIntensity_PR & Intensity_MedianIntensity_Skp2 & Intensity_MedianIntensity_cycB1,-0.00029923317753413744,0.0
Intensity_MedianIntensity_PR & Intensity_MedianIntensity_Skp2 & Intensity_MedianIntensity_cycD1,0.0007178525123296792,0.0
Intensity_MedianIntensity_PR & Intensity_MedianIntensity_Skp2 & Intensity_MedianIntensity_cycE,0.00010394898529711995,0.0
Intensity_MedianIntensity_PR & Intensity_MedianIntensity_Skp2 & Intensity_MedianIntensity_p21,-0.00018935651273894433,0.0
Intensity_MedianIntensity_PR & Intensity_MedianIntensity_Skp2 & Intensity_MedianIntensity_pRB,-0.00024045416483192794,0.0
Intensity_MedianIntensity_PR & Intensity_MedianIntensity_Skp2 & pRB_over_RB,0.00033628723129230145,0.0
Intensity_MedianIntensity_PR & Intensity_MedianIntensity_Skp2 & Metadata_well,0.0004422551251679077,0.0
Intensity_MedianIntensity_PR & Intensity_MedianIntensity_cycA & Intensity_MedianIntensity_cycB1,1.1958434648959306e-05,0.0
Intensity_MedianIntensity_PR & Intensity_MedianIntensity_cycA & Intensity_MedianIntensity_cycD1,7.276541838500975e-05,0.0
Intensity_MedianIntensity_PR & Intensity_MedianIntensity_cycA & Intensity_MedianIntensity_cycE,-0.0003068245156092157,0.0
Intensity_MedianIntensity_PR & Intensity_MedianIntensity_cycA & Intensity_MedianIntensity_p21,-0.0005192389525680893,0.0
Intensity_MedianIntensity_PR & Intensity_MedianIntensity_cycA & Intensity_MedianIntensity_pRB,-1.888691422940592e-05,0.0
Intensity_MedianIntensity_PR & Intensity_MedianIntensity_cycA & pRB_over_RB,0.00013446685083917353,0.0
Intensity_MedianIntensity_PR & Intensity_MedianIntensity_cycA & Metadata_well,0.0007152504152987639,0.0
Intensity_MedianIntensity_PR & Intensity_MedianIntensity_cycB1 & Intensity_MedianIntensity_cycD1,9.529474524611649e-05,0.0
Intensity_MedianIntensity_PR & Intensity_MedianIntensity_cycB1 & Intensity_MedianIntensity_cycE,0.00020825861279251563,0.0
Intensity_MedianIntensity_PR & Intensity_MedianIntensity_cycB1 & Intensity_MedianIntensity_p21,0.00016607244146922862,0.0
Intensity_MedianIntensity_PR & Intensity_MedianIntensity_cycB1 & Intensity_MedianIntensity_pRB,-0.0007197074668713875,0.0
Intensity_MedianIntensity_PR & Intensity_MedianIntensity_cycB1 & pRB_over_RB,0.0006769478842257692,0.0
Intensity_MedianIntensity_PR & Intensity_MedianIntensity_cycB1 & Metadata_well,0.00029107648315301486,0.0
Intensity_MedianIntensity_PR & Intensity_MedianIntensity_cycD1 & Intensity_MedianIntensity_cycE,0.00015272449327811703,0.0
Intensity_MedianIntensity_PR & Intensity_MedianIntensity_cycD1 & Intensity_MedianIntensity_p21,-0.00025874495173804155,0.0
Intensity_MedianIntensity_PR & Intensity_MedianIntensity_cycD1 & Intensity_MedianIntensity_pRB,0.00028533846005509254,0.0
Intensity_MedianIntensity_PR & Intensity_MedianIntensity_cycD1 & pRB_over_RB,0.0005572160902376069,0.0
Intensity_MedianIntensity_PR & Intensity_MedianIntensity_cycD1 & Metadata_well,-4.9973744020244195e-05,0.0
Intensity_MedianIntensity_PR & Intensity_MedianIntensity_cycE & Intensity_MedianIntensity_p21,8.019348629310056e-05,0.0
Intensity_MedianIntensity_PR & Intensity_MedianIntensity_cycE & Intensity_MedianIntensity_pRB,-0.0006986699396031445,0.0
Intensity_MedianIntensity_PR & Intensity_MedianIntensity_cycE & pRB_over_RB,-0.0005147469932744081,0.0
Intensity_MedianIntensity_PR & Intensity_MedianIntensity_cycE & Metadata_well,-0.00025599891024479177,0.0
Intensity_MedianIntensity_PR & Intensity_MedianIntensity_p21 & Intensity_MedianIntensity_pRB,-0.0004061589265683648,0.0
Intensity_MedianIntensity_PR & Intensity_MedianIntensity_p21 & pRB_over_RB,0.0005492308096825278,0.0
Intensity_MedianIntensity_PR & Intensity_MedianIntensity_p21 & Metadata_well,0.0006604473087245337,0.0
Intensity_MedianIntensity_PR & Intensity_MedianIntensity_pRB & pRB_over_RB,0.00020246211428623964,0.0
Intensity_MedianIntensity_PR & Intensity_MedianIntensity_pRB & Metadata_well,-0.00023988080288173903,0.0
Intensity_MedianIntensity_PR & pRB_over_RB & Metadata_well,-0.0009636818453336292,0.0
Intensity_MedianIntensity_RB & Intensity_MedianIntensity_Skp2 & Intensity_MedianIntensity_cycA,-0.00038382876795820567,0.0
Intensity_MedianIntensity_RB & Intensity_MedianIntensity_Skp2 & Intensity_MedianIntensity_cycB1,-0.00018156294561768446,0.0
Intensity_MedianIntensity_RB & Intensity_MedianIntensity_Skp2 & Intensity_MedianIntensity_cycD1,-0.00040259913969020066,0.0
Intensity_MedianIntensity_RB & Intensity_MedianIntensity_Skp2 & Intensity_MedianIntensity_cycE,0.0012972411768364081,0.0
Intensity_MedianIntensity_RB & Intensity_MedianIntensity_Skp2 & Intensity_MedianIntensity_p21,0.00010578270649987585,0.0
Intensity_MedianIntensity_RB & Intensity_MedianIntensity_Skp2 & Intensity_MedianIntensity_pRB,0.0004080501518698383,0.0
Intensity_MedianIntensity_RB & Intensity_MedianIntensity_Skp2 & pRB_over_RB,0.0033067117619412487,0.0
Intensity_MedianIntensity_RB & Intensity_MedianIntensity_Skp2 & Metadata_well,-0.0006015393416894921,0.0
Intensity_MedianIntensity_RB & Intensity_MedianIntensity_cycA & Intensity_MedianIntensity_cycB1,-0.0001139329240548379,0.0
Intensity_MedianIntensity_RB & Intensity_MedianIntensity_cycA & Intensity_MedianIntensity_cycD1,-0.00039539549391317413,0.0
Intensity_MedianIntensity_RB & Intensity_MedianIntensity_cycA & Intensity_MedianIntensity_cycE,0.0006143809820129682,0.0
Intensity_MedianIntensity_RB & Intensity_MedianIntensity_cycA & Intensity_MedianIntensity_p21,-0.000674533430451257,0.0
Intensity_MedianIntensity_RB & Intensity_MedianIntensity_cycA & Intensity_MedianIntensity_pRB,0.0003902763111847955,0.0
Intensity_MedianIntensity_RB & Intensity_MedianIntensity_cycA & pRB_over_RB,0.003312393616663463,0.0
Intensity_MedianIntensity_RB & Intensity_MedianIntensity_cycA & Metadata_well,-4.837592097011317e-05,0.0
Intensity_MedianIntensity_RB & Intensity_MedianIntensity_cycB1 & Intensity_MedianIntensity_cycD1,0.0003204010555366928,0.0
Intensity_MedianIntensity_RB & Intensity_MedianIntensity_cycB1 & Intensity_MedianIntensity_cycE,8.51821007271097e-05,0.0
Intensity_MedianIntensity_RB & Intensity_MedianIntensity_cycB1 & Intensity_MedianIntensity_p21,0.00027453628604264283,0.0
Intensity_MedianIntensity_RB & Intensity_MedianIntensity_cycB1 & Intensity_MedianIntensity_pRB,-0.00012425041741633984,0.0
Intensity_MedianIntensity_RB & Intensity_MedianIntensity_cycB1 & pRB_over_RB,0.0017366497619832105,0.0
Intensity_MedianIntensity_RB & Intensity_MedianIntensity_cycB1 & Metadata_well,0.00019816846627523932,0.0
Intensity_MedianIntensity_RB & Intensity_MedianIntensity_cycD1 & Intensity_MedianIntensity_cycE,-0.00034876137384386337,0.0
Intensity_MedianIntensity_RB & Intensity_MedianIntensity_cycD1 & Intensity_MedianIntensity_p21,0.0003851697051645232,0.0
Intensity_MedianIntensity_RB & Intensity_MedianIntensity_cycD1 & Intensity_MedianIntensity_pRB,-0.0012048090271739105,0.0
Intensity_MedianIntensity_RB & Intensity_MedianIntensity_cycD1 & pRB_over_RB,0.00203411088429954,0.0
Intensity_MedianIntensity_RB & Intensity_MedianIntensity_cycD1 & Metadata_well,-0.0008726350912162715,0.0
Intensity_MedianIntensity_RB & Intensity_MedianIntensity_cycE & Intensity_MedianIntensity_p21,0.0003371765611374903,0.0
Intensity_MedianIntensity_RB & Intensity_MedianIntensity_cycE & Intensity_MedianIntensity_pRB,0.0007853587522071569,0.0
Intensity_MedianIntensity_RB & Intensity_MedianIntensity_cycE & pRB_over_RB,0.0023544091615236274,0.0
Intensity_MedianIntensity_RB & Intensity_MedianIntensity_cycE & Metadata_well,-0.00017776586671053367,0.0
Intensity_MedianIntensity_RB & Intensity_MedianIntensity_p21 & Intensity_MedianIntensity_pRB,-0.00018566876523980116,0.0
Intensity_MedianIntensity_RB & Intensity_MedianIntensity_p21 & pRB_over_RB,0.002412496346311396,0.0
Intensity_MedianIntensity_RB & Intensity_MedianIntensity_p21 & Metadata_well,-3.167605405529144e-05,0.0
Intensity_MedianIntensity_RB & Intensity_MedianIntensity_pRB & pRB_over_RB,-0.014042021510302755,0.0
Intensity_MedianIntensity_RB & Intensity_MedianIntensity_pRB & Metadata_well,2.956708895304291e-05,0.0
Intensity_MedianIntensity_RB & pRB_over_RB & Metadata_well,0.0010078541232464338,0.0
Intensity_MedianIntensity_Skp2 & Intensity_MedianIntensity_cycA & Intensity_MedianIntensity_cycB1,0.00022768298683421864,0.0
Intensity_MedianIntensity_Skp2 & Intensity_MedianIntensity_cycA & Intensity_MedianIntensity_cycD1,-1.6556071660790063e-05,0.0
Intensity_MedianIntensity_Skp2 & Intensity_MedianIntensity_cycA & Intensity_MedianIntensity_cycE,-0.00016361070395937255,0.0
Intensity_MedianIntensity_Skp2 & Intensity_MedianIntensity_cycA & Intensity_MedianIntensity_p21,0.0002975507833811018,0.0
Intensity_MedianIntensity_Skp2 & Intensity_MedianIntensity_cycA & Intensity_MedianIntensity_pRB,0.00039577931132845116,0.0
Intensity_MedianIntensity_Skp2 & Intensity_MedianIntensity_cycA & pRB_over_RB,-8.49962425328694e-05,0.0
Intensity_MedianIntensity_Skp2 & Intensity_MedianIntensity_cycA & Metadata_well,-8.133092313388873e-05,0.0
Intensity_MedianIntensity_Skp2 & Intensity_MedianIntensity_cycB1 & Intensity_MedianIntensity_cycD1,0.00029511734082440707,0.0
Intensity_MedianIntensity_Skp2 & Intensity_MedianIntensity_cycB1 & Intensity_MedianIntensity_cycE,0.00011723371280320376,0.0
Intensity_MedianIntensity_Skp2 & Intensity_MedianIntensity_cycB1 & Intensity_MedianIntensity_p21,0.0003581150121410655,0.0
Intensity_MedianIntensity_Skp2 & Intensity_MedianIntensity_cycB1 & Intensity_MedianIntensity_pRB,0.0004260389745977505,0.0
Intensity_MedianIntensity_Skp2 & Intensity_MedianIntensity_cycB1 & pRB_over_RB,-0.0009348948125842817,0.0
Intensity_MedianIntensity_Skp2 & Intensity_MedianIntensity_cycB1 & Metadata_well,0.0008989115315374908,0.0
Intensity_MedianIntensity_Skp2 & Intensity_MedianIntensity_cycD1 & Intensity_MedianIntensity_cycE,-6.673100150984628e-06,0.0
Intensity_MedianIntensity_Skp2 & Intensity_MedianIntensity_cycD1 & Intensity_MedianIntensity_p21,-0.00018125171613809913,0.0
Intensity_MedianIntensity_Skp2 & Intensity_MedianIntensity_cycD1 & Intensity_MedianIntensity_pRB,0.0004963175979952406,0.0
Intensity_MedianIntensity_Skp2 & Intensity_MedianIntensity_cycD1 & pRB_over_RB,-0.000708666372166916,0.0
Intensity_MedianIntensity_Skp2 & Intensity_MedianIntensity_cycD1 & Metadata_well,0.00017202245688495817,0.0
Intensity_MedianIntensity_Skp2 & Intensity_MedianIntensity_cycE & Intensity_MedianIntensity_p21,0.00010704001682799735,0.0
Intensity_MedianIntensity_Skp2 & Intensity_MedianIntensity_cycE & Intensity_MedianIntensity_pRB,-0.0006840259925583951,0.0
Intensity_MedianIntensity_Skp2 & Intensity_MedianIntensity_cycE & pRB_over_RB,-0.00010610394820699277,0.0
Intensity_MedianIntensity_Skp2 & Intensity_MedianIntensity_cycE & Metadata_well,-4.895229412486273e-05,0.0
Intensity_MedianIntensity_Skp2 & Intensity_MedianIntensity_p21 & Intensity_MedianIntensity_pRB,0.0010727785805945077,0.0
Intensity_MedianIntensity_Skp2 & Intensity_MedianIntensity_p21 & pRB_over_RB,-0.0009002544370583542,0.0
Intensity_MedianIntensity_Skp2 & Intensity_MedianIntensity_p21 & Metadata_well,-0.00022456057219374682,0.0
Intensity_MedianIntensity_Skp2 & Intensity_MedianIntensity_pRB & pRB_over_RB,0.005591775678630611,0.0
Intensity_MedianIntensity_Skp2 & Intensity_MedianIntensity_pRB & Metadata_well,-0.0009814788650659983,0.0
Intensity_MedianIntensity_Skp2 & pRB_over_RB & Metadata_well,-0.00047905438938327603,0.0
Intensity_MedianIntensity_cycA & Intensity_MedianIntensity_cycB1 & Intensity_MedianIntensity_cycD1,1.6491641662967143e-05,0.0
Intensity_MedianIntensity_cycA & Intensity_MedianIntensity_cycB1 & Intensity_MedianIntensity_cycE,-0.0002257207948048902,0.0
Intensity_MedianIntensity_cycA & Intensity_MedianIntensity_cycB1 & Intensity_MedianIntensity_p21,-0.0004456162711871367,0.0
Intensity_MedianIntensity_cycA & Intensity_MedianIntensity_cycB1 & Intensity_MedianIntensity_pRB,0.0015293471819982497,0.0
Intensity_MedianIntensity_cycA & Intensity_MedianIntensity_cycB1 & pRB_over_RB,0.0008468369878387508,0.0
Intensity_MedianIntensity_cycA & Intensity_MedianIntensity_cycB1 & Metadata_well,-0.0003139064630659059,0.0
Intensity_MedianIntensity_cycA & Intensity_MedianIntensity_cycD1 & Intensity_MedianIntensity_cycE,0.000387004849115268,0.0
Intensity_MedianIntensity_cycA & Intensity_MedianIntensity_cycD1 & Intensity_MedianIntensity_p21,0.0003983247408208661,0.0
Intensity_MedianIntensity_cycA & Intensity_MedianIntensity_cycD1 & Intensity_MedianIntensity_pRB,-0.00029164778077557095,0.0
Intensity_MedianIntensity_cycA & Intensity_MedianIntensity_cycD1 & pRB_over_RB,-0.0012635945936423202,0.0
Intensity_MedianIntensity_cycA & Intensity_MedianIntensity_cycD1 & Metadata_well,0.0005421256029765623,0.0
Intensity_MedianIntensity_cycA & Intensity_MedianIntensity_cycE & Intensity_MedianIntensity_p21,0.00028040104821329284,0.0
Intensity_MedianIntensity_cycA & Intensity_MedianIntensity_cycE & Intensity_MedianIntensity_pRB,-0.0008696556810059428,0.0
Intensity_MedianIntensity_cycA & Intensity_MedianIntensity_cycE & pRB_over_RB,-0.00045539394410423696,0.0
Intensity_MedianIntensity_cycA & Intensity_MedianIntensity_cycE & Metadata_well,0.00043081334749803224,0.0
Intensity_MedianIntensity_cycA & Intensity_MedianIntensity_p21 & Intensity_MedianIntensity_pRB,-0.001361630066209143,0.0
Intensity_MedianIntensity_cycA & Intensity_MedianIntensity_p21 & pRB_over_RB,-0.000978958212749196,0.0
Intensity_MedianIntensity_cycA & Intensity_MedianIntensity_p21 & Metadata_well,0.0002216985544477429,0.0
Intensity_MedianIntensity_cycA & Intensity_MedianIntensity_pRB & pRB_over_RB,0.005688897379941711,0.0
Intensity_MedianIntensity_cycA & Intensity_MedianIntensity_pRB & Metadata_well,-0.001245411064395134,0.0
Intensity_MedianIntensity_cycA & pRB_over_RB & Metadata_well,-0.0007549988317433513,0.0
Intensity_MedianIntensity_cycB1 & Intensity_MedianIntensity_cycD1 & Intensity_MedianIntensity_cycE,-0.00011929476272079403,0.0
Intensity_MedianIntensity_cycB1 & Intensity_MedianIntensity_cycD1 & Intensity_MedianIntensity_p21,0.0008274154005573931,0.0
Intensity_MedianIntensity_cycB1 & Intensity_MedianIntensity_cycD1 & Intensity_MedianIntensity_pRB,-0.0002692359350380774,0.0
Intensity_MedianIntensity_cycB1 & Intensity_MedianIntensity_cycD1 & pRB_over_RB,5.4782200001015754e-05,0.0
Intensity_MedianIntensity_cycB1 & Intensity_MedianIntensity_cycD1 & Metadata_well,-0.00022969485847446826,0.0
Intensity_MedianIntensity_cycB1 & Intensity_MedianIntensity_cycE & Intensity_MedianIntensity_p21,0.00017606480278406806,0.0
Intensity_MedianIntensity_cycB1 & Intensity_MedianIntensity_cycE & Intensity_MedianIntensity_pRB,-2.3463793938601205e-05,0.0
Intensity_MedianIntensity_cycB1 & Intensity_MedianIntensity_cycE & pRB_over_RB,-0.00048207430200370284,0.0
Intensity_MedianIntensity_cycB1 & Intensity_MedianIntensity_cycE & Metadata_well,0.000217203078282826,0.0
Intensity_MedianIntensity_cycB1 & Intensity_MedianIntensity_p21 & Intensity_MedianIntensity_pRB,2.5516443538893274e-05,0.0
Intensity_MedianIntensity_cycB1 & Intensity_MedianIntensity_p21 & pRB_over_RB,-0.00012866605367226774,0.0
Intensity_MedianIntensity_cycB1 & Intensity_MedianIntensity_p21 & Metadata_well,0.0004357313822946725,0.0
Intensity_MedianIntensity_cycB1 & Intensity_MedianIntensity_pRB & pRB_over_RB,0.0043225691596092885,0.0
Intensity_MedianIntensity_cycB1 & Intensity_MedianIntensity_pRB & Metadata_well,-0.0006509831892982296,0.0
Intensity_MedianIntensity_cycB1 & pRB_over_RB & Metadata_well,-0.0006661158620683055,0.0
Intensity_MedianIntensity_cycD1 & Intensity_MedianIntensity_cycE & Intensity_MedianIntensity_p21,2.3537326201743458e-05,0.0
Intensity_MedianIntensity_cycD1 & Intensity_MedianIntensity_cycE & Intensity_MedianIntensity_pRB,0.00046832109728224823,0.0
Intensity_MedianIntensity_cycD1 & Intensity_MedianIntensity_cycE & pRB_over_RB,-6.90552517467677e-05,0.0
Intensity_MedianIntensity_cycD1 & Intensity_MedianIntensity_cycE & Metadata_well,0.0002914690971342915,0.0
Intensity_MedianIntensity_cycD1 & Intensity_MedianIntensity_p21 & Intensity_MedianIntensity_pRB,0.0005998551961002226,0.0
Intensity_MedianIntensity_cycD1 & Intensity_MedianIntensity_p21 & pRB_over_RB,0.0005862593019868567,0.0
Intensity_MedianIntensity_cycD1 & Intensity_MedianIntensity_p21 & Metadata_well,-0.0004300573695859009,0.0
Intensity_MedianIntensity_cycD1 & Intensity_MedianIntensity_pRB & pRB_over_RB,0.00327930860651432,0.0
Intensity_MedianIntensity_cycD1 & Intensity_MedianIntensity_pRB & Metadata_well,0.0013354705018665967,0.0
Intensity_MedianIntensity_cycD1 & pRB_over_RB & Metadata_well,-0.00018179997415923514,0.0
Intensity_MedianIntensity_cycE & Intensity_MedianIntensity_p21 & Intensity_MedianIntensity_pRB,0.00032902369117272274,0.0
Intensity_MedianIntensity_cycE & Intensity_MedianIntensity_p21 & pRB_over_RB,-0.00048274081139248386,0.0
Intensity_MedianIntensity_cycE & Intensity_MedianIntensity_p21 & Metadata_well,7.394077686448805e-05,0.0
Intensity_MedianIntensity_cycE & Intensity_MedianIntensity_pRB & pRB_over_RB,0.003441074413652953,0.0
Intensity_MedianIntensity_cycE & Intensity_MedianIntensity_pRB & Metadata_well,0.00012631151766861055,0.0
Intensity_MedianIntensity_cycE & pRB_over_RB & Metadata_well,0.00016314084419623385,0.0
Intensity_MedianIntensity_p21 & Intensity_MedianIntensity_pRB & pRB_over_RB,0.0027150820952124843,0.0
Intensity_MedianIntensity_p21 & Intensity_MedianIntensity_pRB & Metadata_well,-0.00036442640199522356,0.0
Intensity_MedianIntensity_p21 & pRB_over_RB & Metadata_well,0.000663209318615591,0.0
Intensity_MedianIntensity_pRB & pRB_over_RB & Metadata_well,0.0027507379785848855,0.0
